Manufacturer,Model,Chipset,Socket,Memory,Memory Slots,Number in stock,Price,ID
Asut,Prime B350M-A,AME,AM4,DDR4,4,4,74.98,M1
Asut,ROG RAMPAGE V EDITION 10,Intem,2011,DDR4,8,3,218.99,M2
Asut,ROG STRIX B250H GAMING,Intem,1151,DDR4,4,2,103.22,M3
Asut,ROG STRIX X299-E GAMING,Intem,2066,DDR4,8,4,106.98,M4
Asut,Z10PE-D8 WS,Intem,2011,DDR4,8,1,563.16,M5
Asut,H87M-E,Intem,1150,DDR3,4,0,,M6
Asut,H81M-CS,Intem,1150,DDR3,2,0,,M7
Asut,H81M-A,Intem,1150,DDR3,2,0,,M8
Asut,H81M-D,Intem,1150,DDR3,2,0,,M9
Asut,H81M-D PLUS,Intem,1150,DDR3,2,0,,M10
Asut,B85M-F,Intem,1150,DDR3,2,1,44.99,M11
Asut,B85M-K,Intem,1150,DDR3,2,4,44.99,M12
Asut,B85M-D,Intem,1150,DDR3,2,2,42.75,M13
Asut,B85M-D PLUS,Intem,1150,DDR3,2,1,43.99,M14
Asut,H81M-PLUS,Intem,1150,DDR3,2,1,44.99,M15
Asut,H81M-V3,Intem,1150,DDR3,2,0,,M16
Asut,H81M-K,Intem,1150,DDR3,2,0,,M17
Asut,H81M-E,Intem,1150,DDR3,2,0,,M18
Asut,P8Q77-M2,Intem,1150,DDR3,4,0,,M19
Asut,Gryphon Z97,Intem,1150,DDR3,4,0,,M20
Asut,B85M-E,Intem,1150,DDR3,4,0,,M21
Asut,CS-B,Intem,1150,DDR3,4,0,,M22
Asut,B85M-G PLUS,Intem,1150,DDR3,4,0,,M23
Asut,B85M-G PLUS USB 3.1,Intem,1150,DDR3,4,0,,M24
Asut,B85M-G,Intem,1150,DDR3,4,0,,M25
Asut,H87M-PRO,Intem,1150,DDR3,4,0,,M26
Asut,B85M-GAMER,Intem,1150,DDR3,4,0,,M27
Asut,Maximus VII Gene,Intem,1150,DDR3,4,2,366.99,M28
Asut,Z97M-PLUS,Intem,1150,DDR3,4,2,293.99,M29
Asut,Z87M-PLUS,Intem,1150,DDR3,4,0,,M30
Asut,Maximus VI Gene,Intem,1150,DDR3,4,0,,M31
Asut,Gryphon Z87,Intem,1150,DDR3,4,0,,M32
Asut,Vanguard B85,Intem,1150,DDR3,4,0,,M33
Asut,H97M-E,Intem,1150,DDR3,4,0,,M34
Asut,Q87T,Intem,1150,DDR3,2,0,,M35
Asut,H81I-Plus,Intem,1150,DDR3,2,0,,M36
Asut,H81T,Intem,1150,DDR3,2,0,,M37
Asut,H87I-Plus,Intem,1150,DDR3,2,0,,M38
Asut,Z87I-DELUXE,Intem,1150,DDR3,2,0,,M39
Asut,Maximus VI Impact,Intem,1150,DDR3,2,0,,M40
Asut,Z87I-PRO,Intem,1150,DDR3,2,0,,M41
Asut,H97I-PLUS,Intem,1150,DDR3,2,0,,M42
Asut,Maximus VII Impact,Intem,1150,DDR3,2,0,,M43
Asut,Z97I-PLUS,Intem,1150,DDR3,2,0,,M44
Asut,Trooper B85,Intem,1150,DDR3,2,0,,M45
Asut,Z97-AR,Intem,1150,DDR3,4,0,,M46
Asut,Z97-DELUXE,Intem,1150,DDR3,4,0,,M47
Asut,Z97-DELUXE(NFC and WLC),Intem,1150,DDR3,4,0,,M48
Asut,Z97-PRO (WiFi ac),Intem,1150,DDR3,4,0,,M49
Asut,Sabertooth Z97 Mark 1,Intem,1150,DDR3,4,0,,M50
Asut,Sabertooth Z97 Mark 2,Intem,1150,DDR3,4,0,,M51
Asut,H87-Pro,Intem,1150,DDR3,4,0,,M52
Asut,H87-PLUS,Intem,1150,DDR3,4,0,,M53
Asut,B85-PLUS,Intem,1150,DDR3,4,0,,M54
Asut,B85 PRO GAMER,Intem,1150,DDR3,4,0,,M55
Asut,B85-PRO,Intem,1150,DDR3,4,1,58.73,M56
Asut,Z87-WS,Intem,1150,DDR3,4,0,,M57
Asut,Z87-DELUXE/QUAD,Intem,1150,DDR3,4,0,,M58
Asut,Maximus VI Formula,Intem,1150,DDR3,4,0,,M59
Asut,Maximus VII Hero,Intem,1150,DDR3,4,0,,M60
Asut,Z87-K,Intem,1150,DDR3,4,0,,M61
Asut,Z97-K,Intem,1150,DDR3,4,0,,M62
Asut,Z87-EXPERT,Intem,1150,DDR3,4,0,,M63
Asut,Z87-A,Intem,1150,DDR3,4,0,,M64
Asut,Z87-C,Intem,1150,DDR3,4,0,,M65
Asut,Z87-DELUXE,Intem,1150,DDR3,4,0,,M66
Asut,Z97 Deluxe,Intem,1150,DDR3,4,0,,M67
Asut,Maximus VI Extreme,Intem,1150,DDR3,4,0,,M68
Asut,Maximus VI Hero,Intem,1150,DDR3,4,0,,M69
Asut,Z87-DELUXE/DUAL,Intem,1150,DDR3,4,0,,M70
Asut,Z87-Plus,Intem,1150,DDR3,4,0,,M71
Asut,Z87-PRO,Intem,1150,DDR3,4,0,,M72
Asut,Z97-WS,Intem,1150,DDR3,4,0,,M73
Asut,Z97-PRO GAMER,Intem,1150,DDR3,4,0,,M74
Asut,Sabertooth Z87,Intem,1150,DDR3,4,0,,M75
Asut,Sabertooth Z97 Mark S,Intem,1150,DDR3,4,0,,M76
Asut,Maximus VII Ranger,Intem,1150,DDR3,4,0,,M77
Asut,H97-PLUS,Intem,1150,DDR3,4,0,,M78
Asut,H97-PRO GAMER,Intem,1150,DDR3,4,0,,M79
Asut,P9D WS,Intem,1150,DDR3,4,0,221.45,M80
Asut,Z97-C,Intem,1150,DDR3,4,0,,M81
Asut,H97-PRO,Intem,1150,DDR3,4,0,,M82
Asut,Z97-A,Intem,1150,DDR3,4,1,44.99,M83
Asut,Z97-KUSB3.1,Intem,1150,DDR3,4,0,,M84
Asut,H81-GAMER,Intem,1150,DDR3,4,0,,M85
Asut,B85MG,Intem,1150,DDR3,4,0,,M86
Asut,MAXIMUS VIII EXTREMEASSEMBLY,Intem,1151,DDR4,4,0,,M87
Asut,Z170M-E D3,Intem,1151,DDR3,4,3,99.99,M88
Asut,H110M-C,Intem,1151,DDR4,2,1,39.99,M89
Asut,H110M-EM.2,Intem,1151,DDR4,2,0,,M90
Asut,H110M-A,Intem,1151,DDR4,2,0,,M91
Asut,H110M-A-M.2,Intem,1151,DDR4,2,1,46.5,M92
Asut,H110M-K,Intem,1151,DDR4,2,2,57.44,M93
Asut,B150M-K,Intem,1151,DDR4,2,0,,M94
Asut,Z170M-PLUS,Intem,1151,DDR4,4,0,,M95
Asut,Maximus VIII Gene,Intem,1151,DDR4,4,2,179.99,M96
Asut,Prime H270M-PLUS,Intem,1151,DDR4,4,3,187.95,M97
Asut,B150M-A,Intem,1151,DDR4,4,1,169.38,M98
Asut,H170M-Plus,Intem,1151,DDR4,4,0,,M99
Asut,B150M Plus,Intem,1151,DDR4,4,0,,M100
Asut,Z170I Pro Gaming,Intem,1151,DDR4,2,2,84.35,M101
Asut,MAXIMUS VIII IMPACT,Intem,1151,DDR4,2,0,,M102
Asut,H110I-PLUS,Intem,1151,DDR4,2,3,62.99,M103
Asut,Z170-P D3,Intem,1151,DDR3,4,3,98.99,M104
Asut,B150-PLUS D3 ATX,Intem,1151,DDR3,4,4,170.98,M105
Asut,B150 PRO GAMING D3,Intem,1151,DDR3,4,3,464.91,M106
Asut,PRIME Z270-A,Intem,1151,DDR4,4,2,84.35,M107
Asut,Maximus VIII Hero Alpha,Intem,1151,DDR4,4,2,131.99,M108
Asut,Strix Z270E Gaming,Intem,1151,DDR4,4,3,71.99,M109
Asut,Z170-A,Intem,1151,DDR4,4,2,96.99,M110
Asut,Z170-DELUXE,Intem,1151,DDR4,4,0,,M111
Asut,Z170-K,Intem,1151,DDR4,4,4,189.99,M112
Asut,Z170-P,Intem,1151,DDR4,4,0,,M113
Asut,Z170-PREMIUM,Intem,1151,DDR4,4,2,279.8,M114
Asut,Prime Z270-P,Intem,1151,DDR4,4,2,108.63,M115
Asut,Maximus IX Code,Intem,1151,DDR4,4,2,251.27,M116
Asut,Z170-E,Intem,1151,DDR4,4,2,118.98,M117
Asut,Z170-AR,Intem,1151,DDR4,4,0,,M118
Asut,Maximus VIII Hero,Intem,1151,DDR4,4,0,,M119
Asut,Maximus VIII Ranger,Intem,1151,DDR4,4,4,174.05,M120
Asut,ROG Strix Z270F Gaming,Intem,1151,DDR4,4,4,149.99,M121
Asut,Prime Z270-AR,Intem,1151,DDR4,4,3,114.65,M122
Asut,TUF Z270 Mark 2,Intem,1151,DDR4,4,2,134.99,M123
Asut,Sabertooth Z170 S,Intem,1151,DDR4,4,3,77.99,M124
Asut,TUF Z270 MARK2,Intem,1151,DDR4,4,1,131.97,M125
Asut,ROG STRIX Z270H GAMING,Intem,1151,DDR4,4,4,119.99,M126
Asut,H170 Pro Gaming,Intem,1151,DDR4,4,3,118.98,M127
Asut,H170 Pro,Intem,1151,DDR4,4,0,,M128
Asut,Z170 PRO GAMING,Intem,1151,DDR4,4,2,296.73,M129
Asut,SABERTOOTH Z170 MARK 1,Intem,1151,DDR4,4,3,154.18,M130
Asut,PRIME B250-PLUS,Intem,1151,DDR4,4,3,74.99,M131
Asut,B150 Pro Gaming,Intem,1151,DDR4,4,2,88.98,M132
Asut,B150 Pro Gaming Aura,Intem,1151,DDR4,4,1,128.99,M133
Asut,B150-PRO,Intem,1151,DDR4,4,3,100.89,M134
Asut,z170 Sabertooth Mark 1,Intem,1151,DDR4,4,2,134.99,M135
Asut,Maximus V Extreme,Intem,1155,DDR3,4,0,,M136
Asut,Maximus V Formula/ThunderFX,Intem,1155,DDR3,4,0,,M137
Asut,Maximus IV Extreme,Intem,1155,DDR3,4,0,,M138
Asut,Maximus V Formula,Intem,1155,DDR3,4,0,,M139
Asut,P8H61-M LE R2.0,Intem,1155,DDR3,2,0,,M140
Asut,H61M-F,Intem,1155,DDR3,2,0,,M141
Asut,B75M-A,Intem,1155,DDR3,2,0,,M142
Asut,H61M-C,Intem,1155,DDR3,2,0,,M143
Asut,H61M-K,Intem,1155,DDR3,2,0,,M144
Asut,H61M-PRO,Intem,1155,DDR3,2,0,,M145
Asut,P8H61-MLECSM,Intem,1155,DDR3,2,0,,M146
Asut,P8H61-M LX Plus,Intem,1155,DDR3,2,4,99.98,M147
Asut,P8H61-M LX,Intem,1155,DDR3,2,3,95.92,M148
Asut,P8H67-M LX,Intem,1155,DDR3,2,3,97.98,M149
Asut,P8H61-M,Intem,1155,DDR3,2,0,,M150
Asut,P8H67-M LE,Intem,1155,DDR3,2,0,,M151
Asut,P8H61-M Plus V2,Intem,1155,DDR3,2,0,,M152
Asut,H61M-ABR,Intem,1155,DDR3,2,0,,M153
Asut,P8H67M-PRO,Intem,1155,DDR3,4,0,,M154
Asut,P8Z77-M PRO,Intem,1155,DDR3,4,0,,M155
Asut,Maximus IV GENE-ZGEN3,Intem,1155,DDR3,4,0,,M156
Asut,P8H77-M,Intem,1155,DDR3,4,0,,M157
Asut,P8H77-M PRO,Intem,1155,DDR3,4,0,,M158
Asut,Maximus IV GENE-Z,Intem,1155,DDR3,4,0,,M159
Asut,B75M-PLUS,Intem,1155,DDR3,4,0,,M160
Asut,P8B75-M LX PLUS,Intem,1155,DDR3,2,0,,M161
Asut,P8H61-I LX R2.0,Intem,1155,DDR3,2,0,,M162
Asut,P8H67-I,Intem,1155,DDR3,2,0,,M163
Asut,P8H67-I PRO,Intem,1155,DDR3,2,0,,M164
Asut,P8H61-I,Intem,1155,DDR3,2,0,,M165
Asut,P8H61-I LX,Intem,1155,DDR3,2,0,,M166
Asut,P8Z77-I Deluxe,Intem,1155,DDR3,2,0,,M167
Asut,P8H77-I,Intem,1155,DDR3,2,0,,M168
Asut,P8B75-M LX,Intem,1155,DDR3,2,0,,M169
Asut,P8H61-M LX Plus R2.0,Intem,1155,DDR3,2,0,,M170
Asut,P8H61-M LX R2.0,Intem,1155,DDR3,2,0,,M171
Asut,P8H61-MX R2.0,Intem,1155,DDR3,2,0,,M172
Asut,P8H61-MX USB3,Intem,1155,DDR3,2,0,,M173
Asut,H61M-Plus,Intem,1155,DDR3,2,0,,M174
Asut,H61M-A/USB3,Intem,1155,DDR3,2,0,,M175
Asut,P8H61-M LX2,Intem,1155,DDR3,2,0,,M176
Asut,P8B75-M LE,Intem,1155,DDR3,2,0,,M177
Asut,P8H61-M LX3 PLUS,Intem,1155,DDR3,2,0,,M178
Asut,P8H61-MX,Intem,1155,DDR3,2,0,,M179
Asut,P8H61-M LE,Intem,1155,DDR3,2,0,,M180
Asut,P8H61-M LE/USB3,Intem,1155,DDR3,2,0,,M181
Asut,P8H61-M Plus,Intem,1155,DDR3,2,0,,M182
Asut,P8H61-M PRO,Intem,1155,DDR3,2,0,,M183
Asut,P8H61-M LX3 R2.0,Intem,1155,DDR3,2,0,,M184
Asut,P8H77-M LE,Intem,1155,DDR3,2,0,,M185
Asut,P8Q77-M,Intem,1155,DDR3,4,0,,M186
Asut,P8B75-M,Intem,1155,DDR3,4,0,,M187
Asut,P8H67-M EVO,Intem,1155,DDR3,4,0,,M188
Asut,P8Q67-M DO TPM,Intem,1155,DDR3,4,0,,M189
Asut,P8H61-M EVO,Intem,1155,DDR3,4,0,,M190
Asut,P8Z77-M,Intem,1155,DDR3,4,0,,M191
Asut,Maximus V GENE,Intem,1155,DDR3,4,0,,M192
Asut,H61M-E,Intem,1155,DDR3,2,0,,M193
Asut,P8H61 PLUS R2.0,Intem,1155,DDR3,2,0,,M194
Asut,P8H61 R2.0,Intem,1155,DDR3,2,0,,M195
Asut,P8H61/USB3 R2.0,Intem,1155,DDR3,2,0,,M196
Asut,P8H61,Intem,1155,DDR3,2,0,,M197
Asut,P8H61 PLUS,Intem,1155,DDR3,2,0,,M198
Asut,P8H61 PRO,Intem,1155,DDR3,2,0,,M199
Asut,P8H61 USB3,Intem,1155,DDR3,2,0,,M200
Asut,P8H61-V,Intem,1155,DDR3,2,0,,M201
Asut,P8Z77-V LX2,Intem,1155,DDR3,4,0,,M202
Asut,Z77-A,Intem,1155,DDR3,4,0,,M203
Asut,P8Z77-V Premium,Intem,1155,DDR3,4,0,,M204
Asut,P8Z68-VGEN3,Intem,1155,DDR3,4,0,,M205
Asut,P8Z77-V LK,Intem,1155,DDR3,4,0,,M206
Asut,P8P67,Intem,1155,DDR3,4,0,,M207
Asut,P8Z68-V LE,Intem,1155,DDR3,4,0,,M208
Asut,P8P67 LE,Intem,1155,DDR3,4,0,,M209
Asut,P8Z68-V,Intem,1155,DDR3,4,0,,M210
Asut,P8P67 (REV 3.1),Intem,1155,DDR3,4,0,,M211
Asut,P8P67 DELUXE,Intem,1155,DDR3,4,0,,M212
Asut,P8P67 PRO (REV 3.1),Intem,1155,DDR3,4,0,,M213
Asut,P8P67 WS Revolution,Intem,1155,DDR3,4,0,,M214
Asut,P8P67 EVO,Intem,1155,DDR3,4,0,,M215
Asut,P8Z68 DELUXE GEN3,Intem,1155,DDR3,4,0,,M216
Asut,P8Z68-V PRO,Intem,1155,DDR3,4,0,,M217
Asut,P8B75-V,Intem,1155,DDR3,4,0,,M218
Asut,P8Z68-V LX,Intem,1155,DDR3,4,0,,M219
Asut,P8Z68-V ProGen3,Intem,1155,DDR3,4,0,,M220
Asut,P8P67 PRO,Intem,1155,DDR3,4,0,,M221
Asut,P8P67-M PRO,Intem,1155,DDR3,4,0,,M222
Asut,P8Z68 DELUXE,Intem,1155,DDR3,4,0,,M223
Asut,Sabertooth,Intem,1155,DDR3,4,0,,M224
Asut,SABERTOOTH P67,Intem,1155,DDR3,4,0,,M225
Asut,P8H67,Intem,1155,DDR3,4,0,,M226
Asut,P8H67-V,Intem,1155,DDR3,4,0,,M227
Asut,P8B WS,Intem,1155,DDR3,4,0,,M228
Asut,P8H67-M,Intem,1155,DDR3,4,0,,M229
Asut,PH67-V,Intem,1155,DDR3,4,0,,M230
Asut,P8H61 EVO,Intem,1155,DDR3,4,0,,M231
Asut,Z77 V-LX,Intem,1155,DDR3,4,0,,M232
Asut,P8Z77-V LE,Intem,1155,DDR3,4,0,,M233
Asut,P8Z77-V LE PLUS,Intem,1155,DDR3,4,0,,M234
Asut,P8Z77-V PRO/THUNDERBOLT,Intem,1155,DDR3,4,0,,M235
Asut,P8Z77-V,Intem,1155,DDR3,4,0,,M236
Asut,P8Z77 WS,Intem,1155,DDR3,4,0,,M237
Asut,P8Z77-V Deluxe,Intem,1155,DDR3,4,0,,M238
Asut,P8Z77-V LX,Intem,1155,DDR3,4,0,,M239
Asut,P8Z77-V PRO,Intem,1155,DDR3,4,0,,M240
Asut,P8Z68-M PRO,Intem,1155,DDR3,4,0,,M241
Asut,Maximus IV Extreme-Z,Intem,1155,DDR3,4,0,,M242
Asut,P8H77-V,Intem,1155,DDR3,4,0,,M243
Asut,P8H77-V LE,Intem,1155,DDR3,4,0,,M244
Asut,P8H77-V,Intem,1155,DDR3,4,0,,M245
Asut,P8C WS,Intem,1155,DDR3,4,0,,M246
Asut,P8P67-M,Intem,1155,DDR3,4,0,,M247
Asut,Sabertooth Z77,Intem,1155,DDR3,4,0,,M248
Asut,P7H55-M/USB3,Intem,1156,DDR3,2,0,,M249
Asut,P7H55-M LE,Intem,1156,DDR3,2,0,,M250
Asut,P7H55-M LX/USB3,Intem,1156,DDR3,2,0,,M251
Asut,P7H55-M,Intem,1156,DDR3,4,0,,M252
Asut,Maximus III GENE,Intem,1156,DDR3,4,0,,M253
Asut,P7P55-M,Intem,1156,DDR3,4,0,,M254
Asut,P7Q57-M DO,Intem,1156,DDR3,4,0,,M255
Asut,P7H55D-M PRO,Intem,1156,DDR3,4,0,,M256
Asut,P7H55D-M EVO,Intem,1156,DDR3,4,0,,M257
Asut,P7H55-M LX,Intem,1156,DDR3,2,0,,M258
Asut,P7H55-V,Intem,1156,DDR3,4,0,,M259
Asut,P7P55 LX,Intem,1156,DDR3,4,0,,M260
Asut,Maximus III Extreme,Intem,1156,DDR3,4,0,,M261
Asut,Maximus III Formula,Intem,1156,DDR3,4,0,,M262
Asut,P7H57D-V EVO,Intem,1156,DDR3,4,0,,M263
Asut,P7P55D Premium,Intem,1156,DDR3,4,0,,M264
Asut,P7P55D,Intem,1156,DDR3,4,0,,M265
Asut,P7P55D EVO,Intem,1156,DDR3,4,0,,M266
Asut,P7P55D LE,Intem,1156,DDR3,4,0,,M267
Asut,P7P55D PRO,Intem,1156,DDR3,4,0,,M268
Asut,P7P55D-E Deluxe,Intem,1156,DDR3,4,0,,M269
Asut,P7P55D-E EVO,Intem,1156,DDR3,4,0,,M270
Asut,P7P55D-E LX,Intem,1156,DDR3,4,0,,M271
Asut,P7P55D-E Premium,Intem,1156,DDR3,4,0,,M272
Asut,P7P55D-E PRO,Intem,1156,DDR3,4,0,,M273
Asut,Sabertooth 55i,Intem,1156,DDR3,4,0,,M274
Asut,P7H55-M PRO,Intem,1156,DDR3,4,0,,M275
Asut,P7H55 USB3,Intem,1156,DDR3,4,0,,M276
Asut,P7P55/USB3,Intem,1156,DDR3,4,0,,M277
Asut,P7P55D Deluxe,Intem,1156,DDR3,4,0,,M278
Asut,P7P55D-E,Intem,1156,DDR3,4,0,,M279
Asut,P7H55,Intem,1156,DDR3,6,0,,M280
Asut,P7F7-E WS supercomputer,Intem,1156,DDR3,6,0,,M281
Asut,Rampage II GENE,Intem,1366,DDR3,4,0,,M282
Asut,Rampage III GENE,Intem,1366,DDR3,6,0,,M283
Asut,Rampage III Extreme,Intem,1366,DDR3,6,0,,M284
Asut,P6X58D-E,Intem,1366,DDR3,6,0,,M285
Asut,Rampage II Extreme,Intem,1366,DDR3,6,0,,M286
Asut,Rampage III Black Edition,Intem,1366,DDR3,6,0,,M287
Asut,Rampage III Formula,Intem,1366,DDR3,6,0,,M288
Asut,P6X58-E PRO,Intem,1366,DDR3,6,0,,M289
Asut,P6T,Intem,1366,DDR3,6,0,,M290
Asut,P6T Deluxe V2,Intem,1366,DDR3,6,0,,M291
Asut,SABERTOOTH X58,Intem,1366,DDR3,6,0,,M292
Asut,P6T SE,Intem,1366,DDR3,6,0,,M293
Asut,P6T WS Professional,Intem,1366,DDR3,6,0,,M294
Asut,P6TD Deluxe,Intem,1366,DDR3,6,0,,M295
Asut,P6T Deluxe/OC Palm,Intem,1366,DDR3,6,0,,M296
Asut,P6T7 WS SuperComputer,Intem,1366,DDR3,6,0,,M297
Asut,P6T6 WS Revolution,Intem,1366,DDR3,6,0,,M298
Asut,P6X58-E WS,Intem,1366,DDR3,6,0,,M299
Asut,P6X58D Premium,Intem,1366,DDR3,6,0,,M300
Asut,Rampage IV Black Edition,Intem,2011,DDR3,8,0,,M301
Asut,Z9PE-D8 WS,Intem,2011,DDR3,8,0,543.79,M302
Asut,Z9PE-D8 WS,Intem,2011,DDR3,8,0,,M303
Asut,P9X79-E WS,Intem,2011,DDR3,8,0,,M304
Asut,Rampage IV Formula,Intem,2011,DDR3,4,0,,M305
Asut,Rampage IV Formula BATTLEFIELD 3,Intem,2011,DDR3,4,0,,M306
Asut,Rampage IV GENE,Intem,2011,DDR3,4,0,,M307
Asut,X79-DELUXE,Intem,2011,DDR3,8,0,,M308
Asut,P9X79 LE,Intem,2011,DDR3,8,0,,M309
Asut,P9X79 DELUXE,Intem,2011,DDR3,8,0,,M310
Asut,Rampage IV Extreme,Intem,2011,DDR3,8,0,,M311
Asut,Rampage IV Extreme BATTLEFIELD 3,Intem,2011,DDR3,8,0,,M312
Asut,P9X79 PRO,Intem,2011,DDR3,8,0,,M313
Asut,Sabertooth X79,Intem,2011,DDR3,8,0,,M314
Asut,X99-A II,Intem,2011,DDR4,8,3,252.99,M315
Asut,P5SD2-VM,Intem,775,DDR2,2,0,,M316
Asut,P5VD2-VM SE,Intem,775,DDR2,2,0,,M317
Asut,P5GC-MXGBL,Intem,775,DDR2,2,0,,M318
Asut,P5VD2-MX,Intem,775,DDR2,2,0,,M319
Asut,P5KPL-AM EPU,Intem,775,DDR2,2,0,,M320
Asut,P5KPL-AM SE,Intem,775,DDR2,2,0,,M321
Asut,P5KPL-AM INROEMSI,Intem,775,DDR2,2,0,,M322
Asut,P5QPL-AM,Intem,775,DDR2,2,0,,M323
Asut,IPIBL-LB-Benicia-GL8E,Intem,775,DDR2,4,0,,M324
Asut,P5L-VM 1394,Intem,775,DDR2,4,0,,M325
Asut,P5LD2-VM,Intem,775,DDR2,4,0,,M326
Asut,P5B-VM DO,Intem,775,DDR2,4,0,,M327
Asut,P5BW-LA-Basswood3G-UL8E,Intem,775,DDR2,4,0,,M328
Asut,P5K-VM,Intem,775,DDR2,4,0,,M329
Asut,IPIBL-LA,Intem,775,DDR2,4,0,,M330
Asut,P5G41T-M,Intem,775,DDR3,2,0,,M331
Asut,P5G41T-M LE,Intem,775,DDR3,2,0,,M332
Asut,P5QL-VM DO,Intem,775,DDR2,4,0,,M333
Asut,P5L-MX,Intem,775,DDR2,2,0,,M334
Asut,P5N73-CM,Intem,775,DDR2,2,0,,M335
Asut,P5N-MX,Intem,775,DDR2,2,0,,M336
Asut,P5N73-AM,Intem,775,DDR2,2,0,,M337
Asut,P5KPL-AMPS,Intem,775,DDR2,2,0,,M338
Asut,P5QL-CM,Intem,775,DDR2,2,0,,M339
Asut,P5G41C-M-LX,Intem,775,DDR2,2,0,,M340
Asut,P5N-EM HDMI,Intem,775,DDR2,3,0,,M341
Asut,P5GC-MX/1333,Intem,775,DDR2,4,0,,M342
Asut,Maximus II Gene,Intem,775,DDR2,4,0,,M343
Asut,P5E-VM DO,Intem,775,DDR2,4,0,,M344
Asut,P5QL-EM,Intem,775,DDR2,4,0,,M345
Asut,P5QL-VM EPU,Intem,775,DDR2,4,0,,M346
Asut,P5N7A-VM,Intem,775,DDR2,4,1,86.72,M347
Asut,P5G43T-M PRO,Intem,775,DDR3,2,0,,M348
Asut,P5LD2-X/1333,Intem,775,DDR2,2,0,,M349
Asut,P5VD2-X,Intem,775,DDR2,2,0,,M350
Asut,P5KPL-CM,Intem,775,DDR2,2,0,,M351
Asut,P5KPL-VM,Intem,775,DDR2,2,1,180.99,M352
Asut,P5KPL-AM INGB,Intem,775,DDR2,2,0,,M353
Asut,P5KPL-C,Intem,775,DDR2,2,0,,M354
Asut,P5G41C-M LX,Intem,775,DDR2,2,0,,M355
Asut,P5Q-E,Intem,775,DDR2,4,0,,M356
Asut,P5QC,Intem,775,DDR2,4,0,,M357
Asut,P5E-WS-Pro,Intem,775,DDR2,4,0,,M358
Asut,Commando,Intem,775,DDR2,4,0,,M359
Asut,P5B SE,Intem,775,DDR2,4,0,,M360
Asut,P5AD2 Premium,Intem,775,DDR2,4,0,,M361
Asut,P5AD2-E Premium,Intem,775,DDR2,4,0,,M362
Asut,P5N-D,Intem,775,DDR2,4,0,,M363
Asut,P5W DH Deluxe,Intem,775,DDR2,4,0,,M364
Asut,P5N-E SLI,Intem,775,DDR2,4,0,,M365
Asut,P5N32-E SLI,Intem,775,DDR2,4,0,,M366
Asut,P5B Deluxe,Intem,775,DDR2,4,0,,M367
Asut,P5B,Intem,775,DDR2,4,0,,M368
Asut,Striker Extreme,Intem,775,DDR2,4,0,,M369
Asut,P5B-E Plus,Intem,775,DDR2,4,0,,M370
Asut,P5N32-SLI Premium/WiFi-AP,Intem,775,DDR2,4,0,,M371
Asut,P5ND2-SLI,Intem,775,DDR2,4,0,,M372
Asut,P5N32-E SLI Plus,Intem,775,DDR2,4,0,,M373
Asut,Maximus II Formula,Intem,775,DDR2,4,0,,M374
Asut,P5E,Intem,775,DDR2,4,0,,M375
Asut,P5K (Vanilla),Intem,775,DDR2,4,0,,M376
Asut,P5Q PRO,Intem,775,DDR2,4,0,,M377
Asut,P5K PRO,Intem,775,DDR2,4,0,,M378
Asut,P5QPro Turbo,Intem,775,DDR2,4,0,,M379
Asut,P5K SE,Intem,775,DDR2,4,0,,M380
Asut,Rampage Formula,Intem,775,DDR2,4,0,,M381
Asut,P5K-EWIFI-AP,Intem,775,DDR2,4,0,,M382
Asut,P5Q-VM,Intem,775,DDR2,4,0,,M383
Asut,P5Q SE,Intem,775,DDR2,4,0,,M384
Asut,P5QLEPU,Intem,775,DDR2,4,0,,M385
Asut,Maximus Formula,Intem,775,DDR2,4,0,,M386
Asut,P5Q SE PLUS,Intem,775,DDR2,4,0,,M387
Asut,P5Q,Intem,775,DDR2,4,0,,M388
Asut,P5N-T Deluxe,Intem,775,DDR2,4,0,,M389
Asut,P5KPL EPU,Intem,775,DDR2,4,0,,M390
Asut,P5QL,Intem,775,DDR2,4,0,,M391
Asut,P5N72-T Premium,Intem,775,DDR2,4,0,,M392
Asut,P5Q Deluxe,Intem,775,DDR2,4,0,,M393
Asut,Striker II Formula,Intem,775,DDR2,4,0,,M394
Asut,P5KC,Intem,775,DDR2,4,0,,M395
Asut,P5KPL,Intem,775,DDR2,4,0,,M396
Asut,P5Q-EM DO,Intem,775,DDR2,4,0,,M397
Asut,P31 Neo,Intem,775,DDR2,4,0,,M398
Asut,P5N32-SLI Deluxe,Intem,775,DDR2,4,0,,M399
Asut,P5QL-E,Intem,775,DDR2,4,0,,M400
Asut,P5QD Turbo,Intem,775,DDR2,4,0,,M401
Asut,P5Q SE2,Intem,775,DDR2,4,0,,M402
Asut,P5G41T-M LX3,Intem,775,DDR3,2,0,,M403
Asut,P5P41T LE,Intem,775,DDR3,2,0,,M404
Asut,P5G41T-M LX,Intem,775,DDR3,2,0,,M405
Asut,P5Q3,Intem,775,DDR3,4,0,,M406
Asut,Striker II Extreme,Intem,775,DDR3,4,0,,M407
Asut,Striker II NSE,Intem,775,DDR3,4,0,,M408
Asut,P5P43TD PRO,Intem,775,DDR3,4,0,,M409
Asut,P5E3 Deluxe,Intem,775,DDR3,4,0,,M410
Asut,P5P43TD,Intem,775,DDR3,4,0,,M411
Asut,P5E3 PRO,Intem,775,DDR3,4,0,,M412
Asut,B85M-G R2.0,Intem,1150,DDR3,4,0,,M413
Asut,Z97-P,Intem,1150,DDR3,4,2,48.99,M414
Asut,Z97-E,Intem,1150,DDR3,4,0,,M415
Asut,Rampage V Extreme,Intem,2011,DDR4,8,1,180.99,M416
Asut,Rampage V Extreme U3.1,Intem,2011,DDR4,8,0,,M417
Asut,X99-M WS,Intem,2011,DDR4,4,4,81.99,M418
Asut,X99-E WS,Intem,2011,DDR4,8,0,,M419
Asut,X99-E WSUSB WORKSTATION MOTHERBOARD,Intem,2011,DDR4,8,0,,M420
Asut,X99 PRO3.1,Intem,2011,DDR4,8,0,,M421
Asut,X99-A,Intem,2011,DDR4,8,4,252.99,M422
Asut,X99-DELUXE,Intem,2011,DDR4,8,2,299.99,M423
Asut,X99-PRO,Intem,2011,DDR4,8,0,,M424
Asut,X99-S,Intem,2011,DDR4,8,0,,M425
Asut,X99-WSIPMI,Intem,2011,DDR4,8,0,,M426
Asut,ROG Strix X99 Gaming,Intem,2011,DDR4,8,2,269.99,M427
Asut,Sabertooth X99,Intem,2011,DDR4,8,2,178.99,M428
Asut,M2N-MX SE,Intel,940,DDR2,2,0,,M429
Asut,AM1M-A,AME,AM1,DDR3,2,0,,M430
Asut,AM1I-A,AME,AM1,DDR3,2,0,,M431
Asut,M3A78-EM,AME,AM2,DDR2,4,0,,M432
Asut,M2NPV-VM,AME,AM2,DDR2,4,0,,M433
Asut,M2N-E SLI,AME,AM2,DDR2,4,0,,M434
Asut,M2N8-VMX,AME,AM2,DDR2,4,0,,M435
Asut,M2N68-AM SE2,AME,AM2,DDR2,2,0,,M436
Asut,M4A78L-M,AME,AM2,DDR2,2,0,,M437
Asut,M2A74-AM,AME,AM2,DDR2,2,0,,M438
Asut,M4A78L-M LE,AME,AM2,DDR2,2,0,,M439
Asut,M3A78,AME,AM2,DDR2,4,0,,M440
Asut,M4A78 Pro,AME,AM2,DDR2,4,0,,M441
Asut,M4A88T-V EVO/USB3,AME,AM2,DDR3,4,0,,M442
Asut,M2N68-AM,AME,AM2,DDR2,2,0,,M443
Asut,M2A-VM,AME,AM2,DDR2,4,0,,M444
Asut,M2N-VM DVI,AME,AM2,DDR2,4,0,,M445
Asut,M4A785-M,AME,AM2,DDR2,4,0,,M446
Asut,M2N-MX SE Plus,AME,AM2,DDR2,2,0,,M447
Asut,M2A-MX,AME,AM2,DDR2,2,0,,M448
Asut,M3A78-VM,AME,AM2,DDR2,4,0,,M449
Asut,M3N78-VM,AME,AM2,DDR2,4,0,,M450
Asut,M3N78-EM,AME,AM2,DDR2,4,0,,M451
Asut,M2N-XE,AME,AM2,DDR2,2,0,,M452
Asut,M2N68-AM SE,AME,AM2,DDR2,2,0,,M453
Asut,M3N-HDHDMI,AME,AM2,DDR2,4,0,,M454
Asut,M4A77D,AME,AM2,DDR2,4,0,,M455
Asut,M2N32-SLi,AME,AM2,DDR2,4,0,,M456
Asut,M3A32-MVP Deluxe,AME,AM2,DDR2,4,0,,M457
Asut,M3A,AME,AM2,DDR2,4,0,,M458
Asut,M3N-HT Deluxe/Mempipe,AME,AM2,DDR2,4,0,,M459
Asut,M3N-HT Deluxe + HDMI,AME,AM2,DDR2,4,0,,M460
Asut,M3A78-CM,AME,AM2,DDR2,4,0,,M461
Asut,M2N-E,AME,AM2,DDR2,4,0,,M462
Asut,M2N-SLI Deluxe,AME,AM2,DDR2,4,0,,M463
Asut,M3A78 PRO,AME,AM2,DDR2,4,0,,M464
Asut,M3A78-T,AME,AM2,DDR2,4,0,,M465
Asut,M3A79-T Deluxe,AME,AM2,DDR2,4,0,,M466
Asut,M3A78-EM,AME,AM2,DDR2,4,0,,M467
Asut,M3N78 Pro,AME,AM2,DDR2,4,0,,M468
Asut,M3A-H/HDMI,AME,AM2,DDR2,4,0,,M469
Asut,M3N72-D,AME,AM2,DDR2,4,0,,M470
Asut,E35M1-M PRO,AME,AM3,DDR3,2,0,,M471
Asut,M4A88T-M LE,AME,AM3,DDR3,2,0,,M472
Asut,M4N68T-M V2,AME,AM3,DDR3,2,0,,M473
Asut,M4A785TD-M Evo,AME,AM3,DDR3,4,0,,M474
Asut,M4A785T-M,AME,AM3,DDR3,4,0,,M475
Asut,M4A88T-M,AME,AM3,DDR3,4,0,,M476
Asut,M4A78-EM,AME,AM3,DDR2,4,0,,M477
Asut,M4N68T-M LE,AME,AM3,DDR3,2,0,,M478
Asut,M4A78LT-M,AME,AM3,DDR3,4,0,,M479
Asut,M2N68-AM-Plus,AME,AM3,DDR2,2,0,,M480
Asut,M4N78 PRO,AME,AM3,DDR2,4,0,,M481
Asut,M4A78-E,AME,AM3,DDR2,4,0,,M482
Asut,M4A79 Deluxe,AME,AM3,DDR2,4,0,,M483
Asut,M4A78LT-M LE,AME,AM3,DDR3,2,0,,M484
Asut,M4A78T-E,AME,AM3,DDR3,3,0,,M485
Asut,M4A89GTD PROUSB3,AME,AM3,DDR3,4,0,,M486
Asut,Crosshair IV Formula,AME,AM3,DDR3,4,0,,M487
Asut,Crosshair III Formula,AME,AM3,DDR3,4,0,,M488
Asut,M4N68T V2,AME,AM3,DDR3,4,0,,M489
Asut,M4A89TD PRO/USB3,AME,AM3,DDR3,4,0,,M490
Asut,M4A79T Deluxe,AME,AM3,DDR3,4,0,,M491
Asut,M4N75TD,AME,AM3,DDR3,4,0,,M492
Asut,Crosshair IV Extreme,AME,AM3,DDR3,4,1,266.25,M493
Asut,M4A88TD-V EVO/USB3,AME,AM3,DDR3,4,0,,M494
Asut,M4A785TD-V EVO,AME,AM3,DDR3,4,0,,M495
Asut,M4A77TD PRO,AME,AM3,DDR3,4,0,,M496
Asut,M4A87TD Evo,AME,AM3,DDR3,4,0,,M497
Asut,M4A79Xtd Evo,AME,AM3,DDR3,4,0,,M498
Asut,M5A78L-M LE,AME,AM3,DDR3,2,0,,M499
Asut,M5A78L-M LX PLUS,AME,AM3,DDR3,2,0,,M500
Asut,M5A78L-M LX,AME,AM3,DDR3,2,0,,M501
Asut,M5A78L-M LX3,AME,AM3,DDR3,2,0,,M502
Asut,M4N68T-M LE V2,AME,AM3,DDR3,2,0,,M503
Asut,M5A88-M,AME,AM3,DDR3,4,0,,M504
Asut,M5A78L-M/USB3,AME,AM3,DDR3,4,0,,M505
Asut,M4A88TD-M EVOUSB3.0,AME,AM3,DDR3,4,0,,M506
Asut,M5A78L-M LX V2,AME,AM3,DDR3,2,0,,M507
Asut,M4N82-Deluxe,AME,AM3,DDR2,4,0,,M508
Asut,M5A99X EVO R2.0,AME,AM3,DDR3,4,0,,M509
Asut,Crosshair V Formula-Z,AME,AM3,DDR3,4,0,,M510
Asut,M5A99X EVO,AME,AM3,DDR3,4,0,,M511
Asut,M5A97 PRO,AME,AM3,DDR3,4,0,,M512
Asut,Crosshair V Formula,AME,AM3,DDR3,4,0,,M513
Asut,M5A99FX PRO R2.0,AME,AM3,DDR3,4,0,,M514
Asut,M5A78L,AME,AM3,DDR3,4,0,,M515
Asut,M5A97 LE R2.0,AME,AM3,DDR3,4,0,,M516
Asut,M5A97 R2.0,AME,AM3,DDR3,4,0,,M517
Asut,M5A97 EVO R2.0,AME,AM3,DDR3,4,0,,M518
Asut,M5A78LUSB 3,AME,AM3,DDR3,4,0,,M519
Asut,M5A97,AME,AM3,DDR3,4,0,,M520
Asut,M5A78L/USB3,AME,AM3,DDR3,4,0,,M521
Asut,M4A77T,AME,AM3,DDR3,4,0,,M522
Asut,M5A88-M-EVO,AME,AM3,DDR3,4,0,,M523
Asut,M5A88V EVO,AME,AM3,DDR3,4,0,,M524
Asut,M5A78L LE,AME,AM3,DDR3,4,0,,M525
Asut,Sabertooth 990FXGEN3 R2.0,AME,AM3,DDR3,4,0,,M526
Asut,Sabertooth 990FX R2.0,AME,AM3,DDR3,4,0,,M527
Asut,Sabertooth 990FX R3.0,AME,AM3,DDR3,4,0,,M528
Asut,M5A87,AME,AM3,DDR3,4,0,,M529
Asut,Sabertooth 990FX,AME,AM3,DDR3,4,0,,M530
Asut,970 PRO GAMING AURA,AME,AM3,DDR3,4,0,,M531
Asut,970 Pro GamingAura,AME,AM3,DDR3,4,0,,M532
Asut,M5A97 EVO,AME,AM3,DDR3,4,0,,M533
Asut,Prime B350m-a,AME,AM4,DDR4,4,3,309.8,M534
Asut,Prime B350-PLUS,AME,AM4,DDR4,4,4,240.99,M535
Asut,ROG Crosshair VI Hero,AME,AM4,DDR4,4,2,212.12,M536
Asut,ROG STRIX B350-F GAMING,AME,AM4,DDR4,4,1,173.37,M537
Asut,KCMA-D8 Opteron C32,AME,C32,DDR3,8,0,,M538
Asut,F1A55-M LE,AME,FM1,DDR3,2,0,,M539
Asut,F1A55-M LX PLUS R2.0,AME,FM1,DDR3,2,0,,M540
Asut,F1A75-M PRO R2.0,AME,FM1,DDR3,4,0,,M541
Asut,F1A75-I DELUXE,AME,FM1,DDR3,2,0,,M542
Asut,F1A55-M LX,AME,FM1,DDR3,2,0,,M543
Asut,F1A75-M LE,AME,FM1,DDR3,2,0,,M544
Asut,F1A75,AME,FM1,DDR3,4,0,,M545
Asut,F1A75-V EVO,AME,FM1,DDR3,4,0,,M546
Asut,F1A75-V,AME,FM1,DDR3,4,0,,M547
Asut,F1A75-V PRO,AME,FM1,DDR3,4,0,,M548
Asut,F1A55,AME,FM1,DDR3,4,0,,M549
Asut,F2A55-M LK,AME,FM2,DDR3,2,0,,M550
Asut,F2A55-M LK PLUS,AME,FM2,DDR3,2,0,,M551
Asut,F2A55-M LE,AME,FM2,DDR3,2,0,,M552
Asut,F2A85-M LE,AME,FM2,DDR3,2,0,,M553
Asut,A55M-A,AME,FM2,DDR3,2,0,,M554
Asut,A85XM-A,AME,FM2,DDR3,2,0,,M555
Asut,F2A85-M2,AME,FM2,DDR3,4,0,,M556
Asut,A55M-A-USB3,AME,FM2,DDR3,2,0,,M557
Asut,F2A85-M PRO,AME,FM2,DDR3,4,0,,M558
Asut,F2A85-M,AME,FM2,DDR3,4,0,,M559
Asut,F255-M,AME,FM2,DDR3,4,0,,M560
Asut,F2A85-V,AME,FM2,DDR3,4,0,,M561
Asut,F2A85-V Pro,AME,FM2,DDR3,4,0,,M562
Asut,A55M-E,AME,FM2,DDR3,2,0,,M563
Asut,A68HM-K,AME,FM2,DDR3,2,0,,M564
Asut,A68HM-PLUS,AME,FM2,DDR3,2,2,42.87,M565
Asut,A55BM-E,AME,FM2,DDR3,2,0,,M566
Asut,A55BM-K,AME,FM2,DDR3,2,0,,M567
Asut,A88XM-E,AME,FM2,DDR3,2,0,,M568
Asut,A58M-AUSB3,AME,FM2,DDR3,2,0,,M569
Asut,A58M-E,AME,FM2,DDR3,2,0,,M570
Asut,A58M-K,AME,FM2,DDR3,2,0,,M571
Asut,A78M-E,AME,FM2,DDR3,2,0,,M572
Asut,A78M-A,AME,FM2,DDR3,4,0,,M573
Asut,A88XM-PLUS,AME,FM2,DDR3,4,0,,M574
Asut,A88XM-A,AME,FM2,DDR3,4,0,,M575
Asut,A88X-PRO,AME,FM2,DDR3,4,0,,M576
Asut,A88X-GAMER,AME,FM2,DDR3,4,0,,M577
Asut,Crossblade Ranger,AME,FM2,DDR3,4,2,113.99,M578
Asut,A88X-PLUS,AME,FM2,DDR3,4,0,,M579
Asut,E2KM1I-DELUXE,AME,FT1,DDR3,2,0,,M580
Asut,KGPE-D16,AME,G34,DDR3,1,0,,M581
Asut,P8H67-I DELUXE,Intem,M,DDR3,2,0,,M582
Asut,P9X79 WS,Intem,M,DDR3,8,0,,M583
MSJ,G41M-P43,Intem,775,DDR2,2,0,,M584
MSJ,MS-7366,Intem,775,DDR2,2,0,,M585
MSJ,A90,Intem,775,DDR2,2,0,,M586
MSJ,31TM-P21,Intem,775,DDR2,2,0,,M587
MSJ,31TM-P21,Intem,775,DDR2,2,0,,M588
MSJ,31TM-P31,Intem,775,DDR2,2,0,,M589
MSJ,31TM-P35,Intem,775,DDR2,2,0,,M590
MSJ,41-P34,Intem,775,DDR3,2,0,,M591
MSJ,41M-P23,Intem,775,DDR3,2,0,,M592
MSJ,41M-P26,Intem,775,DDR3,2,0,,M593
MSJ,41M-P26,Intem,775,DDR3,2,0,,M594
MSJ,41M-P28,Intem,775,DDR3,2,0,,M595
MSJ,41M-P34,Intem,775,DDR3,2,0,,M596
MSJ,41M4-F,Intem,775,DDR2,2,0,,M597
MSJ,41TM-P33,Intem,775,DDR2,2,0,,M598
MSJ,S-7525,Intem,775,DDR2,2,0,,M599
MSJ,S-7529,Intem,775,DDR2,2,0,,M600
MSJ,VIDIA MCP73PV,Intem,775,DDR2,2,0,,M601
MSJ,4M900M3-L,Intem,775,DDR2,2,0,,M602
MSJ,M8PM-V,Intem,775,DDR2,2,0,,M603
MSJ,MS-7350,Intem,775,DDR2,4,0,,M604
MSJ,15P Neo2 Platinum (V1.0B),Intem,775,DDR2,4,0,,M605
MSJ,75X Platinum PowerUp Edition,Intem,775,DDR2,4,0,,M606
MSJ,33M,Intem,775,DDR2,4,0,,M607
MSJ,35 Neo,Intem,775,DDR2,4,0,,M608
MSJ,35 Platinum Combo,Intem,775,DDR2,4,0,,M609
MSJ,43 neo,Intem,775,DDR2,4,0,,M610
MSJ,43T-C51,Intem,775,DDR2,4,0,,M611
MSJ,45 Neo-F (ms-7519),Intem,775,DDR2,4,0,,M612
MSJ,45 Platinum,Intem,775,DDR2,4,0,,M613
MSJ,45D3 Platinum,Intem,775,DDR3,4,0,,M614
MSJ,6N SLI Platinum,Intem,775,DDR2,4,0,,M615
MSJ,6N SLI V2,Intem,775,DDR2,4,0,,M616
MSJ,7N Diamond,Intem,775,DDR2,4,0,,M617
MSJ,7N SLI Platinum,Intem,775,DDR2,4,0,,M618
MSJ,P45 Neo3-FR,Intem,775,DDR2,4,0,,M619
MSJ,85M-E33 V2,Intem,1150,DDR3,2,0,,M620
MSJ,85M-P32,Intem,1150,DDR3,2,0,,M621
MSJ,85M-P33,Intem,1150,DDR3,2,0,,M622
MSJ,87I,Intem,1150,DDR3,2,0,,M623
MSJ,87I GAMING AC,Intem,1150,DDR3,2,0,,M624
MSJ,97I GAMING AC,Intem,1150,DDR3,2,0,,M625
MSJ,97I GAMING ACK,Intem,1150,DDR3,2,0,,M626
MSJ,B85M-G43,Intem,1150,DDR3,4,0,,M627
MSJ,85-G41,Intem,1150,DDR3,4,0,,M628
MSJ,85-G43,Intem,1150,DDR3,4,0,,M629
MSJ,85-G43 Gaming,Intem,1150,DDR3,4,0,,M630
MSJ,85M Eco,Intem,1150,DDR3,4,0,,M631
MSJ,85M Gaming,Intem,1150,DDR3,4,0,,M632
MSJ,85M-E45,Intem,1150,DDR3,4,0,,M633
MSJ,85M-G43,Intem,1150,DDR3,4,0,,M634
MSJ,87 MPOWER,Intem,1150,DDR3,4,0,,M635
MSJ,87 MPOWER MAX,Intem,1150,DDR3,4,0,,M636
MSJ,87 MPOWER SP,Intem,1150,DDR3,4,0,,M637
MSJ,87 XPOWER,Intem,1150,DDR3,4,0,,M638
MSJ,87-G41,Intem,1150,DDR3,4,0,,M639
MSJ,87-G43,Intem,1150,DDR3,4,0,,M640
MSJ,87-G43 GAMING,Intem,1150,DDR3,4,0,,M641
MSJ,87-G45 GAMING,Intem,1150,DDR3,4,0,,M642
MSJ,87-G55,Intem,1150,DDR3,4,0,,M643
MSJ,87-GD65,Intem,1150,DDR3,4,0,,M644
MSJ,87-GD65 GAMING,Intem,1150,DDR3,4,0,,M645
MSJ,87M GAMING,Intem,1150,DDR3,4,0,,M646
MSJ,87M-G43,Intem,1150,DDR3,4,0,,M647
MSJ,97 Gaming 3,Intem,1150,DDR3,4,0,,M648
MSJ,97 GAMING 3,Intem,1150,DDR3,4,0,,M649
MSJ,97 GAMING 5,Intem,1150,DDR3,4,0,,M650
MSJ,97 GAMING 7,Intem,1150,DDR3,4,0,,M651
MSJ,97 Gaming 9 ACK,Intem,1150,DDR3,4,0,,M652
MSJ,97 MPOWER,Intem,1150,DDR3,4,0,,M653
MSJ,97 MPOWER MAX AC,Intem,1150,DDR3,4,0,,M654
MSJ,97 PC Mate,Intem,1150,DDR3,4,0,,M655
MSJ,97 XPOWER AC,Intem,1150,DDR3,4,0,,M656
MSJ,97-G43,Intem,1150,DDR3,4,0,,M657
MSJ,97-G43 GAMING,Intem,1150,DDR3,4,0,,M658
MSJ,97-G45 GAMING,Intem,1150,DDR3,4,0,,M659
MSJ,97-G55 SLI,Intem,1150,DDR3,4,0,,M660
MSJ,97-GD65 GAMING,Intem,1150,DDR3,4,0,,M661
MSJ,97A GAMING 6,Intem,1150,DDR3,4,0,,M662
MSJ,97M GAMING,Intem,1150,DDR3,4,0,,M663
MSJ,97M-G43,Intem,1150,DDR3,4,0,,M664
MSJ,97S SLI Krait Edition,Intem,1150,DDR3,4,0,,M665
MSJ,97S SLI PLUS,Intem,1150,DDR3,4,0,,M666
MSJ,B150I GAMING PRO AC,Intem,1151,DDR4,2,0,,M667
MSJ,H110M Gaming,Intem,1151,DDR4,2,0,,M668
MSJ,250M Pro Gaming,Intem,1151,DDR4,2,0,,M669
MSJ,250M PRO-VD,Intem,1151,DDR4,2,3,35.72,M670
MSJ,110M ECO,Intem,1151,DDR4,2,3,38.98,M671
MSJ,110M GAMING,Intem,1151,DDR4,2,0,,M672
MSJ,110M PRO-VD,Intem,1151,DDR4,2,0,,M673
MSJ,110M PRO-VH,Intem,1151,DDR4,2,0,,M674
MSJ,150 NIGHT ELF,AME,1151,DDR4,4,2,151.98,M675
MSJ,H270 Tomahawk Artic,Intem,1151,DDR4,4,1,134.99,M676
MSJ,150 GAMING M3,Intem,1151,DDR4,4,0,,M677
MSJ,150 PC MATE,Intem,1151,DDR4,4,2,58.98,M678
MSJ,150A GAMING PRO,Intem,1151,DDR4,4,0,,M679
MSJ,150M Bazooka,Intem,1151,DDR4,4,2,53.99,M680
MSJ,150M Night Elf,Intem,1151,DDR4,4,0,,M681
MSJ,150M Night Elf,Intem,1151,DDR4,4,0,,M682
MSJ,250M Bazooka,Intem,1151,DDR4,4,4,80.99,M683
MSJ,250M Mortar Arctic,Intem,1151,DDR4,4,4,62.99,M684
MSJ,110m,Intem,1151,DDR4,4,1,46.84,M685
MSJ,170 Gaming M3,Intem,1151,DDR4,4,0,,M686
MSJ,170A Gaming PRO,Intem,1151,DDR4,4,3,71.72,M687
MSJ,170A PC Mate,Intem,1151,DDR4,4,3,101.99,M688
MSJ,170M-A PRO,Intem,1151,DDR4,4,0,,M689
MSJ,170 Mortar,Intem,1151,DDR4,4,0,,M690
MSJ,170-A PRO,Intem,1151,DDR4,4,2,117.95,M691
MSJ,170A GAMING M3,Intem,1151,DDR4,4,4,132.96,M692
MSJ,170A GAMING M5,Intem,1151,DDR4,4,1,133.95,M693
MSJ,170A GAMING M9 ACK,Intem,1151,DDR4,4,0,,M694
MSJ,170A GAMING PRO,Intem,1151,DDR4,4,4,173.25,M695
MSJ,170A KRAIT GAMING,Intem,1151,DDR4,4,1,119.99,M696
MSJ,170A PC MATE,Intem,1151,DDR4,4,0,,M697
MSJ,170A SLI PLUS,Intem,1151,DDR4,4,0,,M698
MSJ,170A Tomahawk AC,Intem,1151,DDR4,4,0,,M699
MSJ,170A XPOWER GAMING TITANIUM EDITION,Intem,1151,DDR4,4,0,,M700
MSJ,170A-G45 GAMING,Intem,1151,DDR4,4,0,,M701
MSJ,270 Gaming M5,Intem,1151,DDR4,4,2,97.98,M702
MSJ,270 Gaming Pro,Intem,1151,DDR4,4,4,91.98,M703
MSJ,270 SLI PLUS,Intem,1151,DDR4,4,3,113.99,M704
MSJ,270-A PRO,Intem,1151,DDR4,4,2,89.98,M705
MSJ,Z270 GAMING PRO CARBON,Intem,1151,DDR4,4,0,,M706
MSJ,75IA-E33,Intem,1155,DDR3,2,0,,M707
MSJ,75MA-E33,Intem,1155,DDR3,2,0,,M708
MSJ,75MA-P33,Intem,1155,DDR3,2,0,,M709
MSJ,61M-E22 (G3),Intem,1155,DDR3,2,0,,M710
MSJ,61M-E23 (G3),Intem,1155,DDR3,2,0,,M711
MSJ,61M-E33 (B3),Intem,1155,DDR3,2,0,,M712
MSJ,61M-P20 (G3),Intem,1155,DDR3,2,0,,M713
MSJ,61M-P21 (B3),Intem,1155,DDR3,2,0,,M714
MSJ,61M-P23 (B3),Intem,1155,DDR3,2,0,,M715
MSJ,61M-P31 (G3),Intem,1155,DDR3,2,0,,M716
MSJ,61M-P32/W8,Intem,1155,DDR3,2,0,,M717
MSJ,61MA-E35 (B3),Intem,1155,DDR3,2,0,,M718
MSJ,67MA-E35 (B3),Intem,1155,DDR3,2,0,,M719
MSJ,67MS-E33 (B3),Intem,1155,DDR3,2,0,,M720
MSJ,H61-P33 (B3),Intem,1155,DDR3,2,0,,M721
MSJ,H61A-P35 (B3),Intem,1155,DDR3,2,0,,M722
MSJ,77IA-E53,Intem,1155,DDR3,2,0,,M723
MSJ,75A-G41,Intem,1155,DDR3,4,0,,M724
MSJ,75A-G43,Intem,1155,DDR3,4,0,,M725
MSJ,75A-G43 Gaming,Intem,1155,DDR3,4,0,,M726
MSJ,75MA-P45,Intem,1155,DDR3,4,0,,M727
MSJ,ig Bang-Marshal (B3),Intem,1155,DDR3,4,0,,M728
MSJ,SM-B75MA-P45,Intem,1155,DDR3,4,0,,M729
MSJ,67A-G43 (B3),Intem,1155,DDR3,4,0,,M730
MSJ,67MA-E45,Intem,1155,DDR3,4,0,,M731
MSJ,67MA-ED55 (B3),Intem,1155,DDR3,4,0,,M732
MSJ,67MS-E43 (B3),Intem,1155,DDR3,4,0,,M733
MSJ,77MA-G43,Intem,1155,DDR3,4,0,,M734
MSJ,67A-C45 (B3),Intem,1155,DDR3,4,0,,M735
MSJ,67A-G43 (B3),Intem,1155,DDR3,4,0,,M736
MSJ,67A-G45 (B3),Intem,1155,DDR3,4,0,,M737
MSJ,67A-GD55 B3,Intem,1155,DDR3,4,0,,M738
MSJ,67A-GD65,Intem,1155,DDR3,4,0,,M739
MSJ,67A-GD65 B3,Intem,1155,DDR3,4,0,,M740
MSJ,67A-GD80 B3 V2.1,Intem,1155,DDR3,4,0,,M741
MSJ,67S-C43 (B3),Intem,1155,DDR3,4,0,,M742
MSJ,68A-G43 (G3),Intem,1155,DDR3,4,0,,M743
MSJ,68A-G45 (B3),Intem,1155,DDR3,4,0,,M744
MSJ,68A-GD55,Intem,1155,DDR3,4,0,,M745
MSJ,68A-GD65 G3,Intem,1155,DDR3,4,0,,M746
MSJ,68A-GD80 G3,Intem,1155,DDR3,4,0,,M747
MSJ,68MA-ED55 (B3),Intem,1155,DDR3,4,0,,M748
MSJ,68MA-G45 (B3),Intem,1155,DDR3,4,0,,M749
MSJ,77 Extreme 6,Intem,1155,DDR3,4,0,,M750
MSJ,77 MPOWER,Intem,1155,DDR3,4,0,,M751
MSJ,77A GD65,Intem,1155,DDR3,4,0,,M752
MSJ,77A-G41,Intem,1155,DDR3,4,0,,M753
MSJ,77A-G43,Intem,1155,DDR3,4,0,,M754
MSJ,77A-G43 Gaming,Intem,1155,DDR3,4,0,,M755
MSJ,77A-G45,Intem,1155,DDR3,4,0,,M756
MSJ,77A-G45 Gaming,Intem,1155,DDR3,4,0,,M757
MSJ,77A-G45 Thunderbolt,Intem,1155,DDR3,4,0,,M758
MSJ,77A-GD55,Intem,1155,DDR3,4,0,,M759
MSJ,77A-GD65 GAMING,Intem,1155,DDR3,4,0,,M760
MSJ,77A-GD80,Intem,1155,DDR3,4,0,,M761
MSJ,77MA-G45,Intem,1155,DDR3,4,0,,M762
MSJ,H77A-G41,Intem,1155,DDR3,4,0,,M763
MSJ,H77A-G43,Intem,1155,DDR3,4,0,,M764
MSJ,61MU-E35 (B3),Intem,1156,DDR3,2,0,,M765
MSJ,S-7613,Intem,1156,DDR3,2,0,,M766
MSJ,ig Bang-Fuzion,Intem,1156,DDR3,4,0,,M767
MSJ,55-GD65,Intem,1156,DDR3,4,0,,M768
MSJ,55M-E33,Intem,1156,DDR3,4,0,,M769
MSJ,55-CD53,Intem,1156,DDR3,4,0,,M770
MSJ,55-GD65,Intem,1156,DDR3,4,0,,M771
MSJ,55-GD8,Intem,1156,DDR3,4,0,,M772
MSJ,55-GD85,Intem,1156,DDR3,4,0,,M773
MSJ,58 PRO-E,Intem,1366,DDR3,5,0,,M774
MSJ,clipse SLI,Intem,1366,DDR3,6,0,,M775
MSJ,58A-GD65,Intem,1366,DDR3,6,0,,M776
MSJ,58M,Intem,1366,DDR3,6,0,,M777
MSJ,79MA-GD45,Intem,2011,DDR3,4,0,,M778
MSJ,99A GAMING 9 ACK,Intem,2011,DDR4,8,0,,M779
MSJ,99A GODLIKE Gaming,Intem,2011,DDR4,8,0,,M780
MSJ,99A RAIDER,Intem,2011,DDR4,8,0,,M781
MSJ,99A SLI PLUS,Intem,2011,DDR4,8,0,,M782
MSJ,99S GAMING 7,Intem,2011,DDR4,8,0,,M783
MSJ,99S GAMING 9 AC,Intem,2011,DDR4,8,0,,M784
MSJ,99S SLI KRAIT EDITION,Intem,2011,DDR4,8,0,,M785
MSJ,99S SLI PLUS,Intem,2011,DDR4,8,0,,M786
MSJ,99S XPOWER AC,Intem,2011,DDR4,8,0,,M787
MSJ,X99A SLI Krait Edition,Intem,2011,DDR4,8,0,,M788
MSJ,X99A XPOWER GAMING TITANIUM,Intem,2011,DDR4,8,0,,M789
MSJ,ig Bang-XPower II,Intem,2011,DDR3,8,0,,M790
MSJ,79A-GD45 (8D),Intem,2011,DDR3,8,0,,M791
MSJ,79A-GD45 Plus,Intem,2011,DDR3,8,0,,M792
MSJ,79A-GD65 (8D),Intem,2011,DDR3,8,0,,M793
MSJ,99 Gaming Pro Carbon,Intem,2011,DDR4,8,0,,M794
MSJ,99A GAMING 7,Intem,2011,DDR4,8,0,,M795
MSJ,M1I,AME,AM1,DDR3,2,0,,M796
MSJ,M1M,AME,AM1,DDR3,2,0,,M797
MSJ,9N6PGM2-V,AME,AM2,DDR2,2,0,,M798
MSJ,9N6PGM2-V2 AM2+,AME,AM2,DDR2,2,0,,M799
MSJ,80GMS-E35,AME,AM3,DDR3,2,0,,M800
MSJ,F615M-P31,AME,AM3,DDR3,2,0,,M801
MSJ,40GM-P25,AME,AM3,DDR3,2,4,66.99,M802
MSJ,60GM-P33,AME,AM3,DDR3,2,0,,M803
MSJ,85GTM-E45,AME,AM3,DDR2,2,0,,M804
MSJ,F615M-P33,AME,AM3,DDR3,2,0,,M805
MSJ,F615M-P33v1.3,AME,AM3,DDR3,2,0,,M806
MSJ,F725GM-P31,AME,AM3,DDR3,2,0,,M807
MSJ,60GM-P34 (FX),AME,AM3,DDR3,2,0,,M808
MSJ,60GM-P21,AME,AM3,DDR3,2,0,,M809
MSJ,60GM-P21 (FX),AME,AM3,DDR3,2,1,68.24,M810
MSJ,60GM-P21(FX) AM3,AME,AM3,DDR3,2,3,68.24,M811
MSJ,60GM-P23 FX,AME,AM3,DDR3,2,0,,M812
MSJ,60GMA-P34 (FX),AME,AM3,DDR3,2,0,,M813
MSJ,80GMA-E35 (FX),AME,AM3,DDR3,2,0,,M814
MSJ,80GMS-E41 (FX),AME,AM3,DDR3,2,0,,M815
MSJ,350M Gaming Pro,AME,AM4,DDR4,2,2,463.98,M816
MSJ,350IA-E44,AME,F,DDR3,2,3,72.16,M817
MSJ,55M-P35,AME,FM1,DDR3,2,0,,M818
MSJ,75A-G35,AME,FM1,DDR3,2,0,,M819
MSJ,M2-A55M-E33,AME,FM2,DDR3,2,0,,M820
MSJ,M2-A55M-P33,AME,FM2,DDR3,2,0,,M821
MSJ,M2-A75IA-E53,AME,FM2,DDR3,2,0,,M822
MSJ,M2-A75MA-E35,AME,FM2,DDR3,2,0,,M823
MSJ,M2-A75MA-P33,AME,FM2,DDR3,2,0,,M824
MSJ,M2-A85XMA-E35,AME,FM2,DDR3,2,0,,M825
MSJ,M2-A85XMA-P33,AME,FM2,DDR3,2,0,,M826
MSJ,A78M-E35,AME,FM2,DDR3,2,2,75.5,M827
MSJ,55-G41 PC Mate,AME,FM2,DDR3,2,3,78.45,M828
MSJ,55M-E33,AME,FM2,DDR3,2,0,,M829
MSJ,58M-E33,AME,FM2,DDR3,2,0,,M830
MSJ,68HM Grenade,AME,FM2,DDR3,2,0,,M831
MSJ,68HM-E33 V2,AME,FM2,DDR3,2,0,,M832
MSJ,78-G41 PC Mate,AME,FM2,DDR3,2,4,82.89,M833
MSJ,88XI AC,AME,FM2,DDR3,2,0,,M834
MSJ,88XM-E35,AME,FM2,DDR3,2,0,,M835
MSJ,S-16fk,AME,FS1,DDR3,2,0,,M836
MSJ,F615M-P33 V2,AME,AM3,DDR3,3,0,,M837
MSJ,9N SLI PLATINUM,AME,AM2,DDR2,4,0,,M838
MSJ,9AG Neo2-Digital,AME,AM2,DDR2,4,0,,M839
MSJ,9N Neo,AME,AM2,DDR2,4,0,,M840
MSJ,9N NeoV2,AME,AM2,DDR2,4,0,,M841
MSJ,9N SLI V2,AME,AM2,DDR2,4,0,,M842
MSJ,9N SLI-F V2,AME,AM2,DDR2,4,0,,M843
MSJ,9A2 Platinum,AME,AM2,DDR2,4,0,,M844
MSJ,9AGM3-F,AME,AM2,DDR2,4,0,,M845
MSJ,85GT-E63,AME,AM2,DDR2,4,0,,M846
MSJ,KA790GX Platinum (MS-7550),AME,AM2,DDR2,4,4,352.99,M847
MSJ,9N2 SLI Platinum,AME,AM2,DDR2,4,0,,M848
MSJ,S-7548 (Aspen),AME,AM2,DDR2,4,2,101.99,M849
MSJ,9A2 Platinum V2,Intem,AM2,DDR2,4,0,,M850
MSJ,9A2VM-FD,Intem,AM2,DDR2,4,0,,M851
MSJ,9AGM3-FIH,Intem,AM2,DDR2,4,0,,M852
MSJ,70 C45,AME,AM3,DDR3,4,0,,M853
MSJ,70-G54,AME,AM3,DDR3,4,0,,M854
MSJ,F980-G65,AME,AM3,DDR3,4,0,,M855
MSJ,60GM-P35,AME,AM3,DDR3,4,0,,M856
MSJ,85GM-E51,AME,AM3,DDR3,4,0,,M857
MSJ,90FX-GD70,AME,AM3,DDR3,4,0,,M858
MSJ,90GX-G65,AME,AM3,DDR3,4,0,,M859
MSJ,90X-G45,AME,AM3,DDR3,4,0,,M860
MSJ,70-G45,AME,AM3,DDR3,4,0,,M861
MSJ,70A-G46,AME,AM3,DDR3,4,0,,M862
MSJ,70A-G54,AME,AM3,DDR3,4,0,,M863
MSJ,70S-G46,AME,AM3,DDR3,4,0,,M864
MSJ,80G-E45,AME,AM3,DDR3,4,0,,M865
MSJ,80GMA-E45,AME,AM3,DDR3,4,0,,M866
MSJ,80GMA-E55 (MS-7623),AME,AM3,DDR3,4,0,,M867
MSJ,90FXA-GD65,AME,AM3,DDR3,4,0,,M868
MSJ,90FXA-GD70,AME,AM3,DDR3,4,0,,M869
MSJ,F750-G55,AME,AM3,DDR3,4,0,,M870
MSJ,70 C45,Intem,AM3,DDR3,4,0,,M871
MSJ,70 Gaming,AME,AM3,DDR3,4,3,72.16,M872
MSJ,70-G45,AME,AM3,DDR3,4,0,,M873
MSJ,70A GAMING PRO CARBON,AME,AM3,DDR3,4,1,68.24,M874
MSJ,90FX-GD65,AME,AM3,DDR3,4,0,,M875
MSJ,90XA-GD55,AME,AM3,DDR3,4,0,,M876
MSJ,60G-P43 (FX),AME,AM3,DDR3,4,0,,M877
MSJ,60GA-P43 (FX),AME,AM3,DDR3,4,0,,M878
MSJ,60GM-E51 (FX),AME,AM3,DDR3,4,2,66.99,M879
MSJ,90GXM-G65,AME,AM3,DDR3,4,0,,M880
MSJ,70-G46,AME,AM3,DDR3,4,0,,M881
MSJ,70A SLI KRAIT EDITION,AME,AM3,DDR3,4,4,78.45,M882
MSJ,70A-G43,AME,AM3,DDR3,4,0,,M883
MSJ,70A-G45,AME,AM3,DDR3,4,0,,M884
MSJ,70A-G46,AME,AM3,DDR3,4,2,52.98,M885
MSJ,90FXA GAMING,AME,AM3,DDR3,4,4,315.99,M886
MSJ,90FXA-GD65 AMD ATX AM3 DDR3,AME,AM3,DDR3,4,0,,M887
MSJ,90FXA-GD65V2,AME,AM3,DDR3,4,0,,M888
MSJ,90FXA-GD80,AME,AM3,DDR3,4,3,68.99,M889
MSJ,90FXA-GD80V2,AME,AM3,DDR3,4,0,,M890
MSJ,350M Mortar,AME,AM4,DDR4,4,0,,M891
MSJ,370 Gaming Pro Carbon,AME,AM4,DDR4,4,4,117.84,M892
MSJ,B350 Gaming Plus,AME,AM4,DDR4,4,3,81.96,M893
MSJ,350 GAMING PLUS,AME,AM4,DDR4,4,3,122.14,M894
MSJ,350 TOMAHAWK,AME,AM4,DDR4,4,4,94.35,M895
MSJ,75A-G55,AME,FM1,DDR3,4,0,,M896
MSJ,75MA-G55,AME,FM1,DDR3,4,0,,M897
MSJ,M2-A85XA-G65,AME,FM2,DDR3,4,3,318.99,M898
MSJ,M2-A55M-E35,AME,FM2,DDR3,4,0,,M899
MSJ,M2-A85XA-G43,AME,FM2,DDR3,4,0,,M900
MSJ,S-7778 (2AEO),AME,FM2,DDR3,4,1,129.96,M901
MSJ,S-7778 (Jasmine),AME,FM2,DDR3,4,1,240.99,M902
MSJ,88X-G43,AME,FM2,DDR3,4,1,94.35,M903
MSJ,78M-E45,AME,FM2,DDR3,4,2,73.98,M904
MSJ,88X-G45,AME,FM2,DDR3,4,3,240.99,M905
MSJ,88XM Gaming,AME,FM2,DDR3,4,1,439.97,M906
MSJ,88XM-E45,AME,FM2,DDR3,4,4,418.2,M907
MSJ,S-7906 (Orchid-S),AME,FM2,DDR3,4,4,132.99,M908
MSJ,90FXA-GD65,AME,M,DDR3,4,0,,M909
