Number,Title,Given_Name,Surname,Street_Address,City,Zip_Code,Anti-Virus_Suite,Member_Since,Subscription_Expires,Years,Offer_Code
1,Mr.,Owen,Tomlinson,58 Tonbridge Rd,COPISTER,ZE2 8WP,Free,5/7/2018,,,
2,Ms.,Georgia,Field,64 Ilchester Road,MUIE,IV28 3NJ,WebShield,25/01/2021,25/01/2024,,
3,Mr.,Aidan,Burgess,90 High Street,ASHLEY HEATH,BH24 1FQ,WebShield,29/09/2018,29/09/2021,,
4,Mrs.,Charlotte,Brennan,43 Caerfai Bay Road,THAMES DITTON,KT7 5GH,WebShield,6/3/2020,6/3/2023,,
5,Ms.,Katherine,Townsend,51 High St,THORPE LE STREET,YO4 7JU,Free,1/5/2018,,,
6,Mr.,Owen,Bryan,39 Wartnaby Road,ADMASTON,WS15 0FL,TotalShield,10/11/2020,10/11/2021,,
7,Mr.,Leon,Webster,66 Davids Lane,SUDBROOK,NP6 8TG,WebShield,1/5/2018,1/5/2022,,
8,Dr.,Eleanor,Butcher,14 Broomfield Place,STONEHOUSE,ML9 1YU,WebShield,7/4/2019,7/4/2022,,
9,Mrs.,Libby,Reeves,73 Boroughbridge Road,BISHOPSTONE,HP17 3RL,Free,1/5/2018,,,
10,Mr.,Harley,Burgess,71 Boughton Rd,WHITTON,SY8 0QN,WebShield,23/11/2020,23/11/2021,,
11,Mr.,Finlay,Pratt,10 Southend Avenue,BLACKDOWN,DT8 2PB,Free,1/5/2018,,,
12,Mr.,Adam,Marshall,78 Red Lane,ESHTON,BD23 6AZ,Free,1/5/2018,,,
13,Mr.,Luke,Moore,70 Bridge Street,GOLDSBOROUGH,YO21 3JB,Free,1/5/2018,,,
14,Mrs.,Sofia,Alexander,58 Bridge Street,GORRAN CHURCHTOWN,PL26 0NG,WebShield,1/5/2018,1/5/2022,,
15,Mrs.,Katherine,Short,38 Kendell Street,SHEFFIELD,S1 5PW,WebShield,20/07/2019,20/07/2022,,
16,Ms.,Hannah,Ellis,96 Marcham Road,BOSCOMBE,SP4 6TQ,Free,1/5/2018,,,
17,Mrs.,Sophia,Fraser,78 Red Lane,EURACH,PA31 8DQ,Free,1/5/2018,,,
18,Ms.,Emma,Humphries,94 Shore Street,STOKE TRISTER,BA9 6AY,Free,1/5/2018,,,
19,Mrs.,Sophia,Storey,42 Church Way,BRADFORD-ON-AVON,BA15 8XF,WebShield,28/12/2019,28/12/2022,,
20,Mr.,Logan,Watkins,78 Marlborough Crescent,SOUTH LEVERTON,DN22 1HY,WebShield,1/5/2018,1/5/2022,,
21,Mr.,Aidan,Chambers,65 Scrimshire Lane,ASTCOTE,NN12 1XE,WebShield,7/12/2019,7/12/2021,,
22,Mrs.,Demi,Cartwright,48 North Road,NETHER URQUHART,KY14 1FA,WebShield,17/02/2018,17/02/2022,,
23,Mr.,Oliver,Walters,90 Warner Close,HAVENSTREET,PO33 7LG,TotalShield,1/5/2018,1/5/2022,,
24,Ms.,Aimee,Riley,98 Walwyn Rd,CHAPELTOWN,CA6 0WB,Free,1/5/2018,,,
25,Ms.,Lauren,Hart,11 Exning Road,HARBORNE,B17 0PW,Free,1/5/2018,,,
26,Mrs.,Madeleine,Poole,78 Guild Street,LONDON,SE9 2LZ,TotalShield,26/06/2019,26/06/2022,,
27,Mr.,Harry,Armstrong,32 Colorado Way,RHOS-Y-BRWYNER,CH4 4JT,WebShield,1/5/2018,1/5/2022,,
28,Mrs.,Caitlin,Mills,71 Scrimshire Lane,ASTON FIELDS,B60 7DT,Free,1/5/2018,,,
29,Mr.,Muhammad,Heath,25 Guild Street,LONDON,EC2M 0EB,Free,1/5/2018,,,
30,Mrs.,Sienna,Allen,82 Temple Way,WIRRAL,CH48 7NR,WebShield,10/8/2019,10/8/2022,,
31,Ms.,Katherine,Fleming,54 Quay Street,NEDD,IV27 7TR,PremierShield,22/11/2019,22/11/2021,,
32,Mrs.,Danielle,Baldwin,62 Buckingham Rd,THORNTON-LE-MOOR,DL7 3ZJ,WebShield,1/5/2018,1/5/2022,,
33,Ms.,Eleanor,Smith,93 Whitby Road,DENHEAD,AB42 5AP,Free,1/5/2018,,,
34,Mrs.,Imogen,Begum,53 Stone St,CRANK,WA11 8ZE,Free,1/5/2018,,,
35,Ms.,Hollie,Rowley,25 Scarcroft Road,PORT OF MENTEITH,FK8 4EU,WebShield,29/03/2020,29/03/2022,,
36,Ms.,Matilda,Higgins,37 Davids Lane,STURRY,CT2 9GT,Free,1/5/2018,,,
37,Mrs.,Hannah,Haynes,10 Marcham Road,BOTANY BAY,EN2 8JQ,TotalShield,1/5/2018,1/5/2022,,
38,Mr.,Jamie,Pugh,55 Scarcroft Road,PORTH,CF39 4LE,Free,1/5/2018,,,
39,Ms.,Evie,Bishop,9 Golf Road,SWAINSWICK,BA1 8SP,PremierShield,21/06/2018,21/06/2021,,
40,Mr.,Edward,Briggs,65 Hounslow Rd,SMITH'S GREEN,CM22 5AB,WebShield,6/10/2020,6/10/2023,,
41,Mr.,Tom,Collins,80 Fulford Road,PENTRE,SY15 1JR,WebShield,24/08/2019,24/08/2021,,
42,Ms.,Lily,Dunn,81 Netherpark Crescent,STEELE ROAD,TD9 5LR,Free,1/5/2018,,,
43,Mrs.,Jodie,Kirk,79 Kingsway North,HOLT,NR25 2LP,Free,1/5/2018,,,
44,Ms.,Emma,Hobbs,1 South Western Terrace,MINTLAW,AB42 9QN,Free,1/5/2018,,,
45,Mrs.,Charlotte,Foster,80 Annfield Rd,BAYDON,SN8 0SY,Free,1/5/2018,,,
46,Ms.,Megan,Holloway,41 Telford Street,BANFF,AB45 8XU,WebShield,28/10/2020,28/10/2023,,
47,Ms.,Jade,Gibbons,63 Ermin Street,WROXETER,SY5 1GG,PremierShield,30/01/2020,30/01/2023,,
48,Mrs.,Danielle,Lamb,2 Guildford Rd,EAST GRIMSTEAD,SP5 2TU,Free,1/5/2018,,,
49,Mr.,Mohammad,Kirk,41 Mounthoolie Lane,SULLY,CF64 1DU,Free,1/5/2018,,,
50,Mr.,Jayden,Hussain,51 High St,THUNDERTON,AB42 5BT,TotalShield,8/10/2018,8/10/2021,,
51,Mr.,Jack,Bartlett,29 Kingsway North,HOLTON LE MOOR,LN7 4BD,WebShield,16/11/2020,16/11/2021,,
52,Mr.,Peter,Daniels,69 Hendford Hill,MOUNTFIELD,TN32 7QA,WebShield,1/5/2018,1/5/2022,,
53,Mrs.,Ava,Sutton,1 Long Street,MILL OF COLP,AB53 2TS,TotalShield,1/5/2018,1/5/2022,,
54,Mrs.,Daisy,Swift,98 Middlewich Road,FISHWICK,PR1 1RR,WebShield,5/11/2020,5/11/2023,,
55,Ms.,Phoebe,McKenzie,85 Ockham Road,EASTER KINKELL,IV6 2TU,Free,1/5/2018,,,
56,Ms.,Amber,Harding,27 Stone Cellar Road,KINGSKETTLE,KY15 6XE,Free,1/5/2018,,,
57,Mr.,Brandon,Gordon,27 Balsham Road,HARRINGWORTH,NN17 2ES,WebShield,1/5/2018,1/5/2022,,
58,Mr.,Jacob,Potts,9 Fraserburgh Rd,LIMEKILNBURN,ML3 1XZ,WebShield,6/10/2019,6/10/2021,,
59,Mr.,Harley,Lloyd,99 Whitby Road,DIAL POST,RH13 4EQ,WebShield,1/5/2018,1/5/2022,,
60,Ms.,Bethany,Harrison,93 Holburn Lane,HELMSHORE,BB4 7EJ,PremierShield,18/08/2020,18/08/2022,,
61,Mr.,Oliver,McKenzie,12 Graham Road,CHEVITHORNE,EX16 2ND,TotalShield,29/09/2019,29/09/2021,,
62,Mr.,Harley,Ingram,56 Southend Avenue,BLACKHEATH,B65 2ZD,Free,1/5/2018,,,
63,Mr.,Louie,Thomson,63 Vicar Lane,SANDRIDGE,AL4 9SG,Free,1/5/2018,,,
64,Mrs.,Charlotte,Gregory,81 Lairg Road,NEWGALE,SA62 2DZ,Free,1/5/2018,,,
65,Mrs.,Lauren,O'Donnell,45 Argyll Road,LLANBRADACH,CF83 6QB,TotalShield,13/07/2020,13/07/2021,,
66,Ms.,Millie,Williamson,60 Sloe Lane,CROWLE GREEN,WR7 1XE,WebShield,8/6/2018,8/6/2021,,
67,Mr.,Kyle,Bates,79 Ramsgate Rd,WILLENHALL,CV3 6GZ,WebShield,1/5/2018,1/5/2022,,
68,Mrs.,Maddison,Davidson,97 Sea Road,LANDSCOVE,TQ13 8PR,WebShield,16/08/2020,16/08/2022,,
69,Mr.,Elliot,Ingram,86 George Street,BROXTON,CH3 1WW,Free,1/5/2018,,,
70,Mrs.,Brooke,Lord,75 Coast Rd,KIRKMICHAEL,KA19 3EB,Free,1/5/2018,,,
71,Ms.,Molly,Faulkner,60 Iolaire Road,NEW POLZEATH,PL27 7AH,Free,1/5/2018,,,
72,Ms.,Lucy,Storey,11 Redcliffe Way,WOOLFARDISWORTHY,EX17 2FH,Free,1/5/2018,,,
73,Mr.,Riley,Elliott,43 Ballifeary Road,BALLINGHAM,HR2 7JR,Free,1/5/2018,,,
74,Mr.,Oliver,Bishop,47 Argyll Road,LLANDRE,SY24 1BA,Free,1/5/2018,,,
75,Mr.,Harvey,Dale,65 Golden Knowes Road,FRISKNEY,PE22 8SZ,WebShield,7/12/2020,7/12/2023,,
76,Mrs.,Madeleine,Russell,76 Friar Street,CLAYTON-LE-WOODS,PR5 5QD,TotalShield,1/5/2018,1/5/2022,,
77,Mr.,Jacob,Haynes,10 Wenlock Terrace,PEOPLETON,WR10 5DT,PremierShield,7/11/2020,7/11/2023,,
78,Mrs.,Imogen,Goodwin,31 Brackley Road,THUXTON,NR9 3QQ,Free,1/5/2018,,,
79,Mrs.,Abigail,Burns,44 Netherpark Crescent,STAYNALL,FY6 7ST,WebShield,1/5/2018,1/5/2022,,
80,Mr.,Anthony,Griffiths,11 Shannon Way,CHICKLADE,SP3 1RY,Free,1/5/2018,,,
81,Mr.,Ewan,Chan,17 Caradon Hill,TY-HEN,LL53 6TS,WebShield,1/5/2018,1/5/2022,,
82,Ms.,Hannah,Gordon,72 Nith Street,GLASSHOUSE HILL,GL17 1RH,Free,1/5/2018,,,
83,Mr.,Aidan,Burton,53 Moulton Road,HABBERLEY,SY5 3HF,Free,1/5/2018,,,
84,Ms.,Phoebe,Barnes,37 Abbey Row,OAKENCLOUGH,PR3 8EE,Free,1/5/2018,,,
85,Mr.,Peter,Chambers,97 Cunnery Rd,MANCHESTER,M3 2SZ,WebShield,8/9/2018,8/9/2021,,
86,Ms.,Lilly,Newton,74 Friar Street,CLEEVE,RG8 7WN,PremierShield,20/09/2019,20/09/2022,,
87,Ms.,Emily,Edwards,23 Southern Way,NORTH END,LU7 5LN,WebShield,13/05/2019,13/05/2022,,
88,Ms.,Eva,Cole,9 Ross Road,MARSTOW,HR9 0DB,Free,1/5/2018,,,
89,Mrs.,Niamh,Day,29 South Western Terrace,MILTON KEYNES VILLAGE,MK10 1FD,TotalShield,1/5/2018,1/5/2022,,
90,Mr.,Mohammad,Barker,45 Front St,HEPTONSTALL,HX7 8GG,WebShield,16/05/2020,16/05/2022,,
91,Mr.,Morgan,Brooks,84 York Road,OVER PEOVER,WA16 8QP,WebShield,1/5/2018,1/5/2022,,
92,Mr.,Logan,Hardy,72 Simone Weil Avenue,WELL TOWN,EX16 2JJ,Free,1/5/2018,,,
93,Mr.,Finlay,Ball,65 Hart Road,NORTHEND,BA1 7GR,Free,1/5/2018,,,
94,Mr.,Finley,Hill,54 Boar Lane,SEVERN BEACH,BS12 9LQ,WebShield,17/08/2020,17/08/2021,,
95,Mr.,Leon,Noble,75 Abingdon Road,BRAMPTON EN LE MORTHEN,S66 0FP,PremierShield,15/11/2018,15/11/2021,,
96,Mr.,Ellis,Curtis,68 High Street,ASHFIELD GREEN,IP21 9NF,WebShield,11/5/2019,11/5/2022,,
97,Ms.,Rachel,Parry,44 Osborne Road,KINGHOLM QUAY,DG1 2ZT,WebShield,20/11/2020,20/11/2021,,
98,Mr.,Kian,Gibbs,92 Vicar Lane,SANDLEHEATH,SP6 1FX,WebShield,13/02/2020,13/02/2023,,
99,Mr.,Joe,Lee,8 St James Boulevard,HORNE,RH6 0WS,WebShield,7/6/2020,7/6/2023,,
100,Mrs.,Maisie,Bond,82 Brynglas Road,GLENROSSAL,IV27 2GF,WebShield,4/9/2019,4/9/2022,,
101,Ms.,Victoria,Jarvis,88 Harrogate Road,RUTHERGLEN,G73 0WS,WebShield,1/5/2018,1/5/2022,,
102,Mr.,Dylan,Hurst,45 Wartnaby Road,ADDIEWELL,EH55 5FR,Free,1/5/2018,,,
103,Mr.,Bradley,Austin,50 Abingdon Road,BRAMBER,BN44 6XS,TotalShield,1/5/2018,1/5/2022,,
104,Ms.,Summer,Flynn,16 Stone St,CRAWLEY DOWN,RH10 1WP,Free,1/5/2018,,,
105,Ms.,Lydia,Abbott,53 Eastbourne Rd,COLD ASHTON,SN14 2NY,Free,1/5/2018,,,
106,Mr.,Christopher,Randall,63 Wenlock Terrace,PEN-Y-CEFN,CH7 8FP,Free,1/5/2018,,,
107,Mr.,Anthony,Shaw,98 Simone Weil Avenue,WEEK ORCHARD,EX23 2EJ,TotalShield,1/1/2019,1/1/2022,,
108,Ms.,Caitlin,Swift,79 Roman Rd,LEGARS,TD5 9NS,TotalShield,18/10/2018,18/10/2021,,
109,Mr.,Joshua,Summers,98 City Walls Rd,CLYNDER,G84 1RT,Free,1/5/2018,,,
110,Mrs.,Rosie,Lees,50 Brackley Road,TILLYBIRLOCH,AB51 0ZQ,WebShield,13/05/2020,13/05/2023,,
111,Mr.,Kyle,Elliott,33 City Walls Rd,CLOUGH,OL15 5DU,WebShield,17/11/2020,17/11/2021,,
112,Mr.,Scott,Sanderson,96 Nenthead Road,HIGH GARRETT,CM7 4EL,WebShield,4/1/2020,4/1/2022,,
113,Mr.,Joel,Murphy,13 Withers Close,ALLSCOT,WV15 8AE,Free,1/5/2018,,,
114,Mr.,Louis,Edwards,60 Wrexham Rd,EXTON,SO32 9HP,Free,1/5/2018,,,
115,Mrs.,Aaliyah,Naylor,38 Glandovey Terrace,TRESHAM,GL12 0SY,TotalShield,15/12/2019,15/12/2021,,
116,Mr.,Daniel,Hussain,9 Uxbridge Road,SKERNE,YO25 6UA,WebShield,9/10/2018,9/10/2022,,
117,Dr.,Millie,Dickinson,41 Harrogate Road,RUSTHALL,TN4 1DJ,TotalShield,4/2/2019,4/2/2022,,
118,Ms.,Gracie,Barton,69 Hull Road,PARISH HOLM,ML11 9SS,TotalShield,21/01/2020,21/01/2022,,
119,Ms.,Tilly,Pope,75 Bootham Crescent,RINSEY,TR13 9WP,WebShield,15/12/2020,15/12/2023,,
120,Ms.,Maya,Hicks,62 Layburn Court,TOTTINGTON,BL8 9BZ,TotalShield,8/8/2018,8/8/2021,,
121,Mr.,Muhammad,Howells,41 Stamford Road,ARD A'CHAPUILL,PA22 3EW,Free,1/5/2018,,,
122,Ms.,Shannon,Webb,6 Canterbury Road,UPTON SNODSBURY,WR7 0PZ,Free,1/5/2018,,,
123,Ms.,Lilly,Hall,67 Clasper Way,HETHERSGILL,CA6 3RH,Free,1/5/2018,,,
124,Mr.,Michael,Turnbull,81 Marcham Road,BOULBY,TS13 7AZ,Free,1/5/2018,,,
125,Ms.,Maisie,Smith,2 Whatlington Road,COWBRIDGE,CF71 7NR,Free,1/5/2018,,,
126,Mr.,Corey,Andrews,59 Ramsgate Rd,WIGGENHALL ST GERMANS,PE34 5GY,Free,1/5/2018,,,
127,Ms.,Scarlett,Wilkins,62 Nith Street,GLASCOED,NP4 6TL,Free,1/5/2018,,,
128,Mr.,Dominic,McKenzie,71 Grey Street,KIDDEMORE GREEN,ST19 5DJ,WebShield,18/09/2020,18/09/2023,,
129,Mrs.,Gracie,Harding,12 Whatlington Road,COTTERDALE,DL8 1EE,PremierShield,20/12/2020,20/12/2023,,
130,Mr.,Nathan,Banks,41 Harehills Lane,RUDHEATH,CW9 4EW,TotalShield,4/10/2019,4/10/2022,,
131,Mr.,Nicholas,Burns,77 Gloddaeth Street,BINLEY,SP11 9XE,Free,1/5/2018,,,
132,Mr.,Riley,Moss,62 Ploughley Rd,TOAB,KW17 5SU,TotalShield,1/7/2019,1/7/2022,,
133,Mr.,John,Dobson,23 Harrogate Road,RYHALL,PE9 9ZR,TotalShield,1/5/2018,1/5/2022,,
134,Mr.,Corey,Andrews,82 Southlands Road,PONSONBY,CA20 8JB,Free,1/5/2018,,,
135,Mr.,Sean,Potts,2 Golden Knowes Road,FRAMPTON,DT2 4UR,WebShield,1/5/2018,1/5/2022,,
136,Mr.,Freddie,Dodd,41 Ilchester Road,MYNYDD-BACH,NP6 5BS,Free,1/5/2018,,,
137,Mrs.,Georgia,Black,27 Cambridge Road,NORTH CLIFTON,NG23 0FF,WebShield,24/02/2019,24/02/2022,,
138,Mr.,Bailey,Bevan,51 Main St,ACASTER MALBIS,YO23 4PE,Free,1/5/2018,,,
139,Mr.,Toby,Matthews,65 Seafield Street,LLANTWIT FARDRE,CF38 6SF,PremierShield,10/12/2019,10/12/2022,,
140,Mr.,Riley,Bennett,75 Harrogate Road,RUSPIDGE,GL14 1GD,PremierShield,20/04/2019,20/04/2022,,
141,Mr.,Rhys,Hurst,55 Sloe Lane,CRUDGINGTON,TF6 9WR,WebShield,1/3/2020,1/3/2023,,
142,Mr.,Tom,Fisher,77 Walwyn Rd,CHATCULL,ST21 3XS,PremierShield,1/5/2018,1/5/2022,,
143,Mr.,Zak,Holmes,72 Prestwick Road,INKHORN,AB41 4ER,WebShield,1/5/2018,1/5/2022,,
144,Mr.,Jayden,Walters,58 Great North Road,ALTRINCHAM,WA14 1TS,PremierShield,1/1/2020,1/1/2023,,
145,Mr.,Zak,Burke,14 Argyll Street,STANFORD BISHOP,WR6 8ZZ,Free,1/5/2018,,,
146,Mr.,Harry,Miles,19 Golf Road,SWANWICK,DE55 7WN,WebShield,14/03/2019,14/03/2022,,
147,Ms.,Abigail,Briggs,62 South Street,MONKHOPTON,WV16 2BF,Free,1/5/2018,,,
148,Mr.,Ryan,Hopkins,14 Well Lane,PATMORE HEATH,SG11 7NS,PremierShield,1/5/2018,1/5/2022,,
149,Mrs.,Gracie,Manning,33 Balsham Road,HASELEY,CV35 8AJ,TotalShield,16/09/2019,16/09/2021,,
150,Ms.,Francesca,Perkins,72 Thames Street,BOLLINGTON,SK10 4HG,PremierShield,1/5/2018,1/5/2022,,
151,Dr.,Cameron,Hyde,5 Gloucester Road,CILLE PHEADAIR,HS8 4LR,WebShield,25/12/2017,25/12/2022,,
152,Mr.,Gabriel,Howarth,21 Boat Lane,REDNAL,SY11 0DT,WebShield,23/12/2020,23/12/2022,,
153,Mrs.,Jodie,Cox,6 Bootham Terrace,RAVENSTHORPE,WF13 2BH,WebShield,17/11/2019,17/11/2021,,
154,Mr.,Bailey,Connor,81 Marlborough Crescent,SOUTH MALLING,BN7 0EN,PremierShield,1/1/2019,1/1/2022,,
155,Mrs.,Harriet,Smith,42 Telford Street,BARLAVINGTON,GU28 1WB,PremierShield,12/7/2020,12/7/2023,,
156,Mrs.,Ruby,Simpson,82 Roker Terrace,LATELY COMMON,WN7 4SJ,TotalShield,20/06/2019,20/06/2021,,
157,Mrs.,Eva,Sanders,24 Hexham Road,ISLESBURGH,ZE2 6DR,PremierShield,16/09/2019,16/09/2021,,
158,Mr.,Max,Wright,78 George Street,BROUGHTON,SO20 4QA,Free,1/5/2018,,,
159,Mr.,Mohammed,Reynolds,37 Mounthoolie Lane,SULLOM,ZE2 9DW,TotalShield,1/5/2018,1/5/2022,,
160,Mr.,Jonathan,Powell,52 Newgate Street,JACOBSTOWE,EX20 2NP,Free,1/5/2018,,,
161,Ms.,Scarlett,Bradley,81 Annfield Rd,BEATTOCK,DG10 5ZX,Free,1/5/2018,,,
162,Mr.,Jude,O'Sullivan,78 Gloddaeth Street,BINTON,CV37 8AR,Free,1/5/2018,,,
163,Ms.,Niamh,Marsden,8 Hull Road,PANNAL,HG3 8LB,WebShield,1/5/2018,1/5/2022,,
164,Mr.,Nathan,Taylor,6 Fox Lane,BODFUAN,LL53 2QU,Free,1/5/2018,,,
165,Mr.,Joseph,Gardiner,47 Jesmond Rd,KILDONAN,KA27 8NQ,WebShield,1/5/2018,1/5/2022,,
166,Mr.,Jonathan,Hewitt,81 Park Place,CARSTAIRS,ML11 2AN,WebShield,1/5/2018,1/5/2022,,
167,Mrs.,Lily,Waters,39 Essex Rd,TANTON,TS9 6DT,Free,1/5/2018,,,
168,Ms.,Chloe,Sanderson,76 Hertingfordbury Rd,NEWHEY,OL16 2PD,TotalShield,6/5/2019,6/5/2022,,
169,Mr.,Daniel,Yates,43 Guildford Rd,EAST END,CO7 4QQ,Free,1/5/2018,,,
170,Mr.,Ryan,Saunders,29 Tadcaster Rd,PILLEY,GL53 2PU,WebShield,28/08/2020,28/08/2022,,
171,Ms.,Molly,Bell,60 Academy Street,BENMORE,PA23 5QN,TotalShield,19/02/2019,19/02/2023,,
172,Mr.,Louis,Gilbert,25 Malcolm Rd,LLANFECHELL,LL67 7SH,WebShield,11/8/2019,11/8/2022,,
173,Ms.,Evie,Ahmed,18 Thames Street,BOLTONGATE,CA5 0XH,WebShield,30/01/2020,30/01/2023,,
174,Mr.,Henry,Frost,4 Overton Circle,LITTLE THURROCK,RM17 0HN,WebShield,1/5/2018,1/5/2022,,
175,Mr.,Christopher,Bolton,93 Oxford Rd,WORKINGTON,CA14 0EX,WebShield,25/07/2019,25/07/2022,,
176,Ms.,Elizabeth,Doyle,12 Station Rd,PURLS BRIDGE,PE15 4RH,Free,1/5/2018,,,
177,Mrs.,Maisie,Wade,26 South Western Terrace,MINTERNE MAGNA,DT2 0BP,WebShield,1/5/2018,1/5/2022,,
178,Ms.,Jasmine,Moore,2 Graham Road,CHEADLE,SK8 0WG,TotalShield,1/5/2018,1/5/2022,,
179,Mr.,Joe,Dodd,39 Boat Lane,REDMILE,NG13 4HN,WebShield,1/5/2018,1/5/2022,,
180,Mrs.,Bethany,Blackburn,77 Emerson Road,KIPLIN,DL10 6QH,TotalShield,29/12/2019,29/12/2022,,
181,Mrs.,Victoria,Moore,42 Cambridge Road,NORTH CHARLTON,NE66 6GQ,WebShield,1/5/2018,1/5/2022,,
182,Mr.,Leon,Hicks,21 Newgate Street,KEIG,AB33 4FL,WebShield,1/5/2018,1/5/2022,,
183,Mr.,Josh,Ellis,28 Henley Road,BOVERIDGE,BH21 4GJ,Free,1/5/2018,,,
184,Mr.,Bailey,Waters,21 Layburn Court,TOTEGAN,KW14 5HW,PremierShield,1/5/2018,1/5/2022,,
185,Mrs.,Caitlin,Wilkinson,3 Stone St,CRAIGNURE,PA65 8ES,TotalShield,4/10/2019,4/10/2022,,
186,Mr.,Finlay,Brennan,77 Wressle Road,PLYMTREE,EX15 4PQ,TotalShield,14/08/2020,14/08/2023,,
187,Mr.,James,Kent,10 Golf Road,SUTTON-UNDER-BRAILES,CV36 9YR,Free,1/5/2018,,,
188,Mr.,Bailey,Fry,82 St Maurices Road,PRESTEIGNE,LD8 6RB,TotalShield,1/5/2018,1/5/2022,,
189,Ms.,Naomi,Sharp,8 Coast Rd,KIRKSANTON,LA18 8PJ,WebShield,7/11/2020,7/11/2022,,
190,Mrs.,Jennifer,Carroll,88 Middlewich Road,FITZ,SY4 2TY,PremierShield,12/4/2019,12/4/2022,,
191,Mrs.,Isabel,Kerr,68 Prestwick Road,INVERBAIN,IV54 0PL,TotalShield,1/5/2018,1/5/2022,,
192,Mr.,Josh,Browne,26 Petworth Rd,EAIRY,IM4 4DH,WebShield,1/5/2018,1/5/2022,,
193,Mr.,Noah,McKenzie,88 Manor Way,GREAT OFFLEY,SG5 6BD,PremierShield,1/5/2018,1/5/2022,,
194,Ms.,Emily,Taylor,9 Moulton Road,GWYTHERIN,LL22 2BZ,Free,1/5/2018,,,
195,Mrs.,Freya,Sanderson,41 Netherpark Crescent,STILLINGTON,YO6 7WD,Free,1/5/2018,,,
196,Mr.,Noah,Cole,21 Middlewich Road,FITZHEAD,TA4 5RD,Free,1/5/2018,,,
197,Mr.,Lewis,Bird,37 Thirsk Road,BLANKNEY,LN4 4LA,Free,1/5/2018,,,
198,Mr.,Reece,Curtis,43 Cunnery Rd,MANAIS,HS3 3QT,PremierShield,1/5/2018,1/5/2022,,
199,Mrs.,Jessica,Browne,14 Bishopthorpe Road,PENCRAIG,HR9 2UR,TotalShield,18/10/2019,18/10/2021,,
200,Mrs.,Amelia,Hargreaves,52 Prince Consort Road,KEMSLEY,ME10 9DD,WebShield,22/02/2020,22/02/2022,,
201,Mr.,Adam,Summers,98 Harehills Lane,ROUSHAM,OX6 8DD,Free,1/5/2018,,,
202,Mr.,Bradley,Perkins,80 Simone Weil Avenue,WELBURY,DL6 0NJ,WebShield,30/11/2020,30/11/2021,,
203,Ms.,Leah,White,82 Abbey Row,NUNTON,SP5 7GQ,TotalShield,17/10/2020,17/10/2021,,
204,Mr.,Harry,Stevens,96 Long Street,MILOVAIG,IV55 1DP,WebShield,20/10/2019,20/10/2022,,
205,Mr.,Liam,Yates,55 Annfield Rd,BAYTHORN END,CO9 1DP,TotalShield,29/06/2018,29/06/2021,,
206,Ms.,Hollie,White,21 Sutton Wick Lane,BRIDGEND,PA43 2BW,Free,1/5/2018,,,
207,Mr.,Peter,Lee,30 Gordon Terrace,BARTON BENDISH,PE33 0XZ,PremierShield,19/07/2019,19/07/2022,,
208,Ms.,Poppy,Fitzgerald,71 Academy Street,BESWICK,YO25 0QS,WebShield,1/5/2018,1/5/2022,,
209,Ms.,Abby,Pickering,3 Sea Road,LAMYATT,BA4 8AP,Free,1/5/2018,,,
210,Mr.,Kai,Rhodes,46 Redcliffe Way,WOODLEY,RG5 0FR,Free,1/5/2018,,,
211,Mr.,Jonathan,Steele,21 Spilman Street,GRAFTON,OX18 0QH,WebShield,5/4/2020,5/4/2022,,
212,Mrs.,Amelia,Daly,2 Emerson Road,KIRBUSTER,KW17 5GW,WebShield,1/5/2018,1/5/2022,,
213,Ms.,Mollie,Dean,52 Freezeland Lane,CRAFTHOLE,PL11 4PT,Free,1/5/2018,,,
214,Ms.,Sienna,Norton,25 Holburn Lane,HELWITH BRIDGE,BD24 3JJ,TotalShield,23/04/2020,23/04/2023,,
215,Mrs.,Francesca,Duffy,71 Buckingham Rd,THORNHAUGH,PE8 9NU,WebShield,1/5/2018,1/5/2022,,
216,Mrs.,Elise,Barrett,56 Victoria Road,LITTLE CREICH,IV24 0LN,TotalShield,1/5/2018,1/5/2022,,
217,Mrs.,Eloise,Payne,63 Friar Street,CLAYWORTH,DN22 9AR,TotalShield,30/01/2018,30/01/2023,,
218,Ms.,Danielle,Winter,83 Withers Close,ALLITHWAITE,LA11 5AE,TotalShield,15/12/2020,15/12/2021,,
219,Mrs.,Daisy,Nelson,59 Sloe Lane,CUIDHASEADAIR,HS2 7WF,WebShield,1/5/2018,1/5/2022,,
220,Mrs.,Hannah,Smith,68 Russell Rd,SHIELDHILL,FK1 0RU,WebShield,1/5/2018,1/5/2022,,
221,Mrs.,Bethany,Morrison,37 West Lane,DANBURY,CM3 3YN,WebShield,1/5/2018,1/5/2022,,
222,Mr.,Tyler,O'Brien,57 Henley Road,BOWNESS-ON-WINDERMERE,LA23 5AY,TotalShield,19/02/2019,19/02/2022,,
223,Mrs.,Paige,Doherty,63 Fore St,TROSARAIDH,HS8 4GX,WebShield,17/01/2020,17/01/2023,,
224,Mr.,Jay,Holmes,52 Caerfai Bay Road,TEDSTONE WAFRE,HR7 7SG,Free,1/5/2018,,,
225,Mr.,Toby,Wells,69 Hendford Hill,MOSSGIEL,KA5 4LB,Free,1/5/2018,,,
226,Mrs.,Jessica,Lloyd,43 Helland Bridge,UPPER DENBY,HD8 2PE,PremierShield,20/09/2020,20/09/2022,,
227,Ms.,Zoe,Webb,94 Newmarket Road,HAWKES END,CV5 1BY,WebShield,30/01/2020,30/01/2022,,
228,Mr.,Mason,Pickering,44 Stroud Rd,OGBOURNE ST GEORGE,SN8 7QN,Free,1/5/2018,,,
229,Ms.,Jade,Johnson,70 Old Chapel Road,GAYTON LE WOLD,LN11 8FD,PremierShield,24/01/2021,24/01/2023,,
230,Ms.,Rosie,Tucker,14 George Street,BRUNDISH,IP13 8BT,WebShield,1/5/2018,1/5/2022,,
231,Ms.,Laura,Peters,28 Botley Road,MIDVILLE,PE22 5NR,Free,1/5/2018,,,
232,Mr.,Robert,Faulkner,18 Eastbourne Rd,COLCOT,CF62 1FP,WebShield,1/1/2021,1/1/2024,,
233,Mrs.,Olivia,Marshall,44 Ash Lane,YEOMADON,EX22 3RN,Free,1/5/2018,,,
234,Mrs.,Victoria,Hicks,63 Glenurquhart Road,BALDERSTONE,BB2 6HT,WebShield,9/5/2019,9/5/2022,,
235,Ms.,Lilly,Pearce,73 Nottingham Rd,ABERFELDY,PH15 1FT,Free,1/5/2018,,,
236,Mrs.,Georgina,Knowles,30 Scrimshire Lane,ASKHAM RICHARD,YO23 5SF,Free,1/5/2018,,,
237,Ms.,Jade,Stanley,49 Stone Cellar Road,KINGSNORTH,TN23 8JB,PremierShield,1/5/2018,1/5/2022,,
238,Ms.,Samantha,Morgan,41 St Denys Road,PREN-GWYN,SA44 4YB,TotalShield,1/5/2018,1/5/2022,,
239,Mr.,Lucas,Norton,96 Kendell Street,SHEDFIELD,SO32 3ES,PremierShield,17/11/2020,17/11/2022,,
240,Mr.,Alfie,Cameron,20 Greyfriars Road,CAOLASNACON,PA40 6DR,WebShield,15/10/2018,15/10/2021,,
241,Mrs.,Ella,Naylor,41 Prospect Hill,DRAYCOTT,GL56 4BA,WebShield,1/5/2018,1/5/2022,,
242,Mr.,Jonathan,Moss,85 Argyll Road,LLANAFAN-FECHAN,LD4 5RZ,WebShield,27/10/2018,27/10/2021,,
243,Mr.,Scott,Manning,55 Old Edinburgh Road,BELTINGE,CT6 4EY,PremierShield,1/5/2018,1/5/2022,,
244,Ms.,Alice,Boyle,61 Bishopthorpe Road,PENJERRICK,TR11 0TE,Free,1/5/2018,,,
245,Ms.,Lucy,Rogers,66 Scotsburn Rd,SYDERSTONE,PE31 2LT,WebShield,27/09/2019,27/09/2022,,
246,Mr.,Michael,Cole,28 Victoria Road,LINSTEAD PARVA,IP19 1SP,TotalShield,7/1/2020,7/1/2023,,
247,Mr.,Henry,Bradley,28 Farburn Terrace,LITTLE KINGSHILL,HP16 8WB,WebShield,1/5/2018,1/5/2022,,
248,Ms.,Tegan,Winter,72 High Street,ASHLEY,SN13 5WY,Free,1/5/2018,,,
249,Mr.,Matthew,Watts,84 Kent Street,CROSSLET,G82 4RE,Free,1/5/2018,,,
250,Mr.,Sam,Waters,4 Roman Rd,LEISTON,IP16 5LX,WebShield,1/5/2018,1/5/2022,,
251,Mr.,David,Finch,49 Circle Way,CAEHOPKIN,SA9 4PB,TotalShield,1/5/2018,1/5/2022,,
252,Ms.,Jade,Perkins,62 Ilchester Road,MYNACHLOG-DDU,SA66 3FF,WebShield,1/5/2018,1/5/2022,,
253,Mr.,Taylor,Sims,85 St Andrews Lane,CWM,LL18 2ZD,WebShield,11/11/2020,11/11/2021,,
254,Ms.,Georgina,Cooke,76 Malcolm Rd,LLANDWROG,LL54 6YR,WebShield,1/5/2018,1/5/2022,,
255,Mr.,Daniel,Benson,63 St Andrews Lane,DAGENHAM,RM10 7UY,Free,1/5/2018,,,
256,Ms.,Caitlin,Naylor,66 Middlewich Road,FIVE ASHES,TN20 9JR,Free,1/5/2018,,,
257,Mr.,Rhys,Owens,55 Consett Rd,HILGAY,PE38 3YD,Free,1/5/2018,,,
258,Mr.,Spencer,Simpson,24 Princes Street,ROCK,NP2 6UG,TotalShield,1/5/2018,1/5/2022,,
259,Ms.,Chelsea,Begum,34 Earls Avenue,WHITLAND,SA34 7FZ,Free,1/5/2018,,,
260,Mr.,Anthony,Robinson,54 Caxton Place,BUTTERLEIGH,EX15 4SX,WebShield,1/9/2020,1/9/2021,,
261,Mr.,Luke,Owens,8 Hounslow Rd,SOMERBY,LE14 8FQ,Free,1/5/2018,,,
262,Mrs.,Rachel,Andrews,68 Osborne Road,KIMPTON,SG4 1TA,WebShield,26/11/2018,26/11/2021,,
263,Mrs.,Madeleine,Cole,44 Canterbury Road,VIRLEY,CM9 1WP,WebShield,1/5/2018,1/5/2022,,
264,Ms.,Abbie,Coates,39 George Street,BROXBURN,EH42 8BN,Free,1/5/2018,,,
265,Mr.,Nicholas,Bradshaw,97 Buckingham Rd,THORNTONLOCH,EH42 6FH,WebShield,1/5/2018,1/5/2022,,
266,Mr.,Gabriel,Gough,85 St Andrews Lane,DALE,SA62 1UT,WebShield,5/3/2019,5/3/2022,,
267,Mr.,Nathan,Briggs,72 Main Road,ATTADALE,IV54 3LT,WebShield,20/12/2018,20/12/2022,,
268,Mrs.,Tegan,Wilkins,2 Redcliffe Way,WOODLANDS,BH21 6HG,Free,1/5/2018,,,
269,Mrs.,Megan,Payne,59 South Crescent,MACTERRY,AB53 5GX,WebShield,3/2/2020,3/2/2023,,
270,Mrs.,Katie,Woods,32 Dunmow Road,GRITTENHAM,SN15 1WG,PremierShield,1/5/2018,1/5/2022,,
271,Mrs.,Louise,Daniels,48 Thornton St,HUTTON-LE-HOLE,YO62 4JZ,WebShield,15/07/2019,15/07/2021,,
272,Mr.,Sean,McCarthy,33 Warner Close,HAWCOAT,LA14 4WR,Free,1/5/2018,,,
273,Mrs.,Amber,Finch,9 High Street,ASHBOCKING,IP6 3PD,WebShield,12/6/2019,12/6/2021,,
274,Mr.,Nicholas,Weston,60 Ponteland Rd,HUISH EPISCOPI,TA10 8WG,TotalShield,6/7/2019,6/7/2021,,
275,Ms.,Emma,Carter,93 Coast Rd,KIRKTON OF DURRIS,AB31 5XD,WebShield,14/09/2020,14/09/2021,,
276,Mr.,Finley,Riley,85 Trinity Crescent,WHEELOCK,CW11 1FY,WebShield,19/01/2020,19/01/2023,,
277,Dr.,Sebastian,Hammond,60 Gloucester Road,CHURCHSTANTON,TA3 3JQ,Free,1/5/2018,,,
278,Mrs.,Niamh,Pope,81 Red Lane,ERIBOLL,IV27 9FQ,TotalShield,23/05/2019,23/05/2022,,
279,Mrs.,Lucy,Donnelly,2 Ross Road,MARTON,HU11 5TD,WebShield,22/09/2018,22/09/2022,,
280,Ms.,Maya,Reed,28 Sandyhill Rd,FULBROOK,OX18 6BP,WebShield,1/5/2018,1/5/2022,,
281,Mr.,Morgan,Douglas,15 Ballifeary Road,BALTHAYOCK,PH2 5NY,WebShield,17/11/2019,17/11/2021,,
282,Ms.,Amy,Humphries,65 Newport Road,CARLINGCOTT,BA2 9HH,TotalShield,18/11/2020,18/11/2023,,
283,Mr.,Christopher,Benson,1 Park Place,CASTLE CAMPS,CB1 0PX,TotalShield,30/07/2019,30/07/2022,,
284,Mrs.,Kate,Burns,69 Eastbourne Rd,COLDWALTHAM,RH20 1AZ,Free,1/5/2018,,,
285,Mrs.,Danielle,Griffin,63 Worthy Lane,MEARE,BA6 0XN,Free,1/5/2018,,,
286,Mrs.,Matilda,Blake,29 Hertingfordbury Rd,NEWTON,SY7 9GB,WebShield,22/04/2019,22/04/2022,,
287,Ms.,Alisha,Clarke,49 Ings Lane,DEAN,OX7 6XU,Free,1/5/2018,,,
288,Mr.,Dylan,Johnson,4 Layburn Court,TOWN GREEN,L39 9RR,Free,1/5/2018,,,
289,Mrs.,Jasmine,Byrne,60 West Lane,DALTON-ON-TEES,DL2 8SF,Free,1/5/2018,,,
290,Mr.,Leon,Gordon,63 Rhosddu Rd,FERNIE,KY15 7QQ,Free,1/5/2018,,,
291,Mrs.,Holly,Wilson,89 Scarcroft Road,PORTHCAWL,CF36 8LG,Free,1/5/2018,,,
292,Mr.,Oscar,Wilson,32 Merthyr Road,BURES,CO8 0DU,TotalShield,23/03/2018,23/03/2023,,
293,Mrs.,Jade,Baxter,87 Castledore Road,TWECHAR,G65 3YS,PremierShield,22/10/2020,22/10/2023,,
294,Ms.,Imogen,Peacock,8 Broomfield Place,STONE STREET,IP19 2RP,WebShield,19/12/2019,19/12/2022,,
295,Dr.,Tyler,Hopkins,32 Broomfield Place,STONHAM ASPAL,IP14 3QT,PremierShield,22/06/2019,22/06/2022,,
296,Mr.,Charlie,George,35 Hertingfordbury Rd,NEWMILLS,IV7 2DH,TotalShield,11/10/2019,11/10/2021,,
297,Ms.,Abby,Foster,41 Newmarket Road,HAYDON,DT9 3TY,TotalShield,23/03/2020,23/03/2023,,
298,Mr.,Riley,Brown,80 Abbey Row,NOSTERFIELD,DL8 8SD,WebShield,24/05/2018,24/05/2022,,
299,Mrs.,Danielle,Ball,17 Iffley Road,BROADSTONE,SY7 8YQ,WebShield,24/10/2020,24/10/2021,,
300,Mr.,Harley,Richards,77 Wenlock Terrace,PERRY STREET,DA11 3EW,Free,1/5/2018,,,
301,Ms.,Jasmine,Humphries,17 Gloucester Road,CLADACH A'CHAOLAIS,HS6 4PN,Free,1/5/2018,,,
302,Ms.,Amelia,Waters,19 Argyll Road,LLANDDEW,LD3 6GN,WebShield,1/5/2018,1/5/2022,,
303,Mrs.,Katherine,Pratt,26 Main Road,AUCHAIRNE,KA26 7RS,Free,1/5/2018,,,
304,Ms.,Holly,Donnelly,15 Traill Street,ROSS,DG6 0PN,PremierShield,8/8/2019,8/8/2021,,
305,Mrs.,Zoe,Hussain,27 Shire Oak Road,SCIBERSCROSS,IV28 1GD,PremierShield,3/7/2018,3/7/2021,,
306,Mrs.,Rachel,Hurst,83 Buckingham Rd,THORPE,TW20 2TX,PremierShield,1/5/2018,1/5/2022,,
307,Mr.,Toby,Arnold,91 Preston Rd,MORANGIE,IV19 8HE,Free,1/5/2018,,,
308,Mr.,Henry,Powell,57 Fosse Way,ARDHALLOW,PA23 0RJ,PremierShield,17/09/2020,17/09/2023,,
309,Mr.,Alfie,Dale,56 Lamphey Road,THORINGTON STREET,CO6 0FN,WebShield,26/06/2020,26/06/2023,,
310,Mr.,Elliot,Pickering,39 North Promenade,DOLGELLAU,LL40 9JY,WebShield,1/5/2018,1/5/2022,,
311,Mr.,Patrick,Akhtar,53 Eastbourne Rd,COITY,CF35 5NX,WebShield,16/12/2020,16/12/2021,,
312,Ms.,Samantha,Flynn,23 Bishopthorpe Road,PELSALL,WS3 8SD,TotalShield,1/5/2018,1/5/2022,,
313,Ms.,Lauren,Kemp,55 Stamford Road,APSE HEATH,PO36 5ZF,Free,1/5/2018,,,
314,Mrs.,Francesca,Roberts,51 Shannon Way,CHIGNALL ST JAMES,CM1 6ZG,Free,1/5/2018,,,
315,Mrs.,Amelia,Woods,25 Wrexham Rd,EYTHORNE,CT15 2QX,WebShield,20/07/2020,20/07/2021,,
316,Mr.,Nathan,Carroll,31 Walden Road,GREENLAW,AB45 6LE,PremierShield,22/07/2018,22/07/2021,,
317,Dr.,Joe,John,39 Old Chapel Road,GARTON,HU11 4PX,PremierShield,8/8/2020,8/8/2022,,
318,Mr.,Finlay,Stone,30 Baldock Street,NEWTOWN,SP3 4AJ,Free,1/5/2018,,,
319,Mrs.,Keira,Mellor,32 St Maurices Road,PRESTON CANDOVER,RG25 1RQ,WebShield,1/5/2018,1/5/2022,,
320,Mr.,Tom,Pollard,44 Prospect Hill,DREBLEY,BD23 5QQ,Free,1/5/2018,,,
321,Mr.,Ethan,Wilkinson,82 Old Edinburgh Road,BELTINGE,CT6 8GU,WebShield,1/5/2018,1/5/2022,,
322,Dr.,Logan,Bradshaw,21 Neville Street,IBBERTON,DT11 4BS,WebShield,15/01/2019,15/01/2022,,
323,Mr.,Jamie,Davis,67 South Crescent,LYNEMORE,PH26 7YS,Free,1/5/2018,,,
324,Ms.,Alice,Thomas,86 Front St,HEMYOCK,EX15 8XB,Free,1/5/2018,,,
325,Mrs.,Olivia,Chamberlain,34 Winchester Rd,MEOPHAM,DA13 3TR,Free,1/5/2018,,,
326,Mr.,Oscar,Palmer,92 Old Edinburgh Road,BELCHAMP ST PAUL,CO10 5GP,Free,1/5/2018,,,
327,Mrs.,Libby,Carpenter,93 Prestwick Road,INSTOW,EX39 0XL,Free,1/5/2018,,,
328,Mr.,Ben,Sims,61 Wern Ddu Lane,LUNT,L29 0PD,Free,1/5/2018,,,
329,Ms.,Lydia,Williams,63 North Promenade,DOUNREAY,KW14 7SU,PremierShield,18/05/2019,18/05/2022,,
330,Mr.,Adam,Marsh,8 Wrexham Rd,FAIRFIELD,SK17 7HT,TotalShield,1/5/2018,1/5/2022,,
331,Ms.,Eve,Green,94 Oxford Rd,WORTHAM,IP22 2GZ,TotalShield,4/11/2019,4/11/2022,,
332,Mrs.,Melissa,Horton,57 Canterbury Road,URQUHART,IV30 7PX,Free,1/5/2018,,,
333,Mr.,Charlie,Conway,85 Balsham Road,HARTEST,IP29 6RS,WebShield,3/12/2020,3/12/2023,,
334,Ms.,Leah,Turnbull,65 Thornton St,HUNT HOUSE,YO22 7AU,PremierShield,13/01/2020,13/01/2023,,
335,Mrs.,Nicole,Weston,2 Jubilee Drive,CAVENS,DG2 4TR,WebShield,30/12/2020,30/12/2022,,
336,Mr.,Noah,Lee,81 Academy Street,BETHANIA,SY23 1GQ,TotalShield,4/9/2019,4/9/2022,,
337,Mr.,Archie,Woods,88 Stone St,CRAWFORD,WN8 8WN,Free,1/5/2018,,,
338,Mrs.,Kate,Lloyd,25 Thirsk Road,BLAKESHALL,DY11 3BQ,WebShield,6/3/2020,6/3/2023,,
339,Mrs.,Rebecca,Long,87 Park Avenue,LEA TOWN,PR4 3HR,WebShield,7/5/2019,7/5/2022,,
340,Mrs.,Jasmine,Sykes,47 Brynglas Road,GLENRIDDING,CA11 6ZY,TotalShield,1/5/2018,1/5/2022,,
341,Mr.,Ethan,Grant,86 Wrexham Rd,EWLOE,CH5 5UW,WebShield,11/4/2018,11/4/2022,,
342,Mr.,Jude,Cross,3 Peachfield Road,CHAILEY,BN8 9QZ,WebShield,28/05/2019,28/05/2022,,
343,Mrs.,Grace,Fitzgerald,27 Botley Road,MIDDLEHILL,AB53 5NR,WebShield,1/5/2018,1/5/2022,,
344,Ms.,Lola,Rose,82 Tonbridge Rd,CONNEL,PA37 9UF,WebShield,23/06/2019,23/06/2022,,
345,Mrs.,Brooke,Middleton,53 Lamphey Road,THOMPSON,IP24 3EN,WebShield,1/5/2018,1/5/2022,,
346,Mrs.,Erin,Gray,65 Brynglas Road,GLORORUM,NE69 1BH,Free,1/5/2018,,,
347,Mrs.,Georgina,Parkinson,3 Baldock Street,NEWTOWN,RG20 2AR,WebShield,25/09/2020,25/09/2023,,
348,Ms.,Lydia,Fletcher,66 Long Street,MILLTOWN OF CAMPFIELD,AB31 2AZ,WebShield,1/5/2018,1/5/2022,,
349,Dr.,Leon,John,88 Pendwyallt Road,BURTON ON THE WOLDS,LE12 1XN,WebShield,1/5/2018,1/5/2022,,
350,Ms.,Faith,Bryan,72 Cefn Road,FALAHILL,EH38 3AN,Free,1/5/2018,,,
351,Mrs.,Holly,Norton,36 Crown Street,LONDON,W5 2JU,WebShield,3/11/2020,3/11/2022,,
352,Mrs.,Nicole,Davison,47 Marlborough Crescent,SOUTH STREET,BN8 5HR,WebShield,1/7/2020,1/7/2023,,
353,Mr.,Bradley,Coles,3 Bishopgate Street,SEASCALE,CA20 9FJ,Free,1/5/2018,,,
354,Mr.,Noah,Richards,43 Horsefair Green,OLD NEWTON,IP14 9DL,Free,1/5/2018,,,
355,Mr.,Dominic,Robertson,1 Great North Road,ALWALTON,PE2 6NA,Free,1/5/2018,,,
356,Mr.,Kian,Little,29 High Street,ASHBY ST LEDGERS,CV23 3ZJ,WebShield,26/10/2020,26/10/2021,,
357,Mrs.,Jessica,Powell,45 Trinity Crescent,WHIPTON,EX1 0EB,PremierShield,1/5/2018,1/5/2022,,
358,Ms.,Harriet,Cox,9 Chapel Lane,ARRAM,HU17 4GE,PremierShield,22/09/2019,22/09/2022,,
359,Ms.,Kate,Rowley,61 Witney Way,KNOCK OF AUCHNAHANNET,PH26 3FS,PremierShield,1/5/2018,1/5/2022,,
360,Ms.,Eloise,Barton,98 Carriers Road,CROES-IAN,SA44 7WN,PremierShield,13/07/2018,13/07/2021,,
361,Mr.,Mohammed,Duncan,69 Guildford Rd,EAST END,BH21 3DX,WebShield,15/09/2018,15/09/2021,,
362,Mr.,Hayden,Hunter,36 Cambridge Road,NORMANDY,GU3 1JD,Free,1/5/2018,,,
363,Mr.,Kai,Ward,84 Wressle Road,PITRODDIE,PH2 6TR,Free,1/5/2018,,,
364,Mr.,Christopher,Lawson,65 Mounthoolie Lane,SUTTON,TF9 9HT,WebShield,20/11/2020,20/11/2021,,
365,Ms.,Katie,Young,81 Merthyr Road,BURLEY,LE15 6PX,WebShield,3/12/2020,3/12/2023,,
366,Mrs.,Gracie,Ryan,22 Fraserburgh Rd,LINDIFFERON,KY15 2NJ,Free,1/5/2018,,,
367,Mrs.,Eve,Kent,8 Ivy Lane,WARDLEY,LE15 6DR,WebShield,14/10/2019,14/10/2022,,
368,Dr.,Imogen,Heath,80 Broomfield Place,STONEY STRATTON,BA4 2NE,WebShield,1/5/2018,1/5/2022,,
369,Ms.,Kate,Walters,63 Haslemere Road,EASTON,SO21 0ED,Free,1/5/2018,,,
370,Mr.,Ewan,Sims,33 Park End St,BROOKWOOD,GU24 6NH,TotalShield,1/5/2018,1/5/2022,,
371,Mr.,Ellis,Stevenson,19 Main St,ACHNAHA,PH36 7UQ,WebShield,4/5/2019,4/5/2022,,
372,Mr.,Max,Daly,26 St Omers Road,HINTON,SN14 4LE,WebShield,1/5/2018,1/5/2022,,
373,Mr.,Edward,Bell,23 Trinity Crescent,WHATLINGTON,TN33 7DS,PremierShield,1/5/2018,1/5/2022,,
374,Ms.,Lucy,Hodgson,32 Walwyn Rd,CHARLESTOWN,DT4 9JZ,TotalShield,12/6/2019,12/6/2022,,
375,Mr.,Spencer,Joyce,74 Maidstone Road,WEST BILNEY,PE32 9QR,Free,1/5/2018,,,
376,Mrs.,Eva,Hussain,80 Sandyhill Rd,FULWOOD,S10 0DU,TotalShield,22/05/2019,22/05/2022,,
377,Mr.,Elliot,Poole,29 Caerfai Bay Road,TEFFONT MAGNA,SP3 9PN,PremierShield,12/10/2020,12/10/2023,,
378,Mr.,Michael,Thorpe,31 Southern Way,NORTH NEWINGTON,OX15 8UA,PremierShield,1/5/2018,1/5/2022,,
379,Ms.,Jodie,Tyler,67 Bury Rd,HANDCROSS,RH17 1DW,TotalShield,20/12/2019,20/12/2022,,
380,Mr.,Robert,Cooper,65 Newmarket Road,HAYWOOD OAKS,NG21 0YA,Free,1/5/2018,,,
381,Mr.,Elliot,Parry,67 Copthorne Way,CAMPTON,SG17 0QS,WebShield,22/08/2020,22/08/2021,,
382,Mr.,Joel,Hale,3 Chapel Lane,ARNCLIFFE COTE,BD23 9FL,Free,1/5/2018,,,
383,Dr.,Gabriel,Todd,60 Boar Lane,SHANKEND,TD9 2EW,TotalShield,1/5/2018,1/5/2022,,
384,Mr.,Elliot,Carter,82 Tonbridge Rd,COOKLEY,IP19 6AG,TotalShield,1/5/2018,1/5/2022,,
385,Ms.,Charlie,Miles,62 Victoria Road,LISVANE,CF4 1ZX,Free,1/5/2018,,,
386,Ms.,Ellie,Turner,18 Overton Circle,LITTLE WAKERING,SS3 7JX,TotalShield,7/11/2020,7/11/2022,,
387,Mr.,Luke,Faulkner,44 Caradon Hill,UFFCULME,EX15 2DW,WebShield,1/5/2018,1/5/2022,,
388,Mr.,Jack,Johnson,38 Manor Way,GREAT STAUGHTON,PE19 8XE,Free,1/5/2018,,,
389,Mr.,George,Powell,99 Carriers Road,CRINGLEFORD,NR4 0XN,WebShield,24/01/2020,24/01/2023,,
390,Ms.,Alicia,Holden,79 Park End St,BROOM HILL,BH21 7GY,Free,1/5/2018,,,
391,Mr.,Jay,Todd,38 High Street,ASHFIELD,PA31 2SF,TotalShield,4/12/2020,4/12/2022,,
392,Mr.,Jude,Moran,43 Foregate Street,CODDINGTON,CH3 3BJ,WebShield,13/07/2019,13/07/2022,,
393,Mr.,Callum,Sims,33 South Street,MONIAIVE,DG3 6ZN,PremierShield,14/05/2020,14/05/2022,,
394,Mrs.,Lucy,Chandler,77 Wade Lane,SALTDEAN,BN2 1WZ,Free,1/5/2018,,,
395,Mrs.,Madison,Owen,46 Ponteland Rd,HOUGHTON LE SPRING,DH4 7DY,TotalShield,6/7/2019,6/7/2022,,
396,Mr.,Ellis,Shah,6 Bishopthorpe Road,PENCRAIG,HR9 0TF,TotalShield,12/4/2020,12/4/2022,,
397,Ms.,Isobel,Barton,16 Newport Road,CARNHELL GREEN,TR14 0ZE,WebShield,8/7/2020,8/7/2022,,
398,Ms.,Melissa,Steele,54 Bootham Crescent,RIGGEND,ML6 0DQ,WebShield,15/06/2020,15/06/2023,,
399,Mrs.,Paige,Robinson,74 Overton Circle,LITTLEOVER,DE23 5JL,WebShield,21/10/2019,21/10/2021,,
400,Mr.,Ben,Doherty,15 Fore St,TRIMDON,TS29 2XH,Free,1/5/2018,,,
401,Ms.,Ella,Chambers,90 Shore Street,STOKE-BY-NAYLAND,CO6 5NX,Free,1/5/2018,,,
402,Mr.,Edward,Singh,1 Caerfai Bay Road,TEUCHAN,AB42 0PW,WebShield,9/7/2018,9/7/2022,,
403,Mr.,Finley,Burton,64 Ross Road,MARTON ABBEY,YO6 9XE,Free,1/5/2018,,,
404,Mrs.,Maya,Reynolds,75 Guild Street,LONDON,N1 5XP,WebShield,6/12/2020,6/12/2023,,
405,Ms.,Kayleigh,Dickinson,51 York Road,OVENDEN,HX3 0AY,PremierShield,1/5/2018,1/5/2022,,
406,Mr.,Daniel,Parker,34 Southern Way,NORTH GORLEY,SP6 7EA,Free,1/5/2018,,,
407,Mr.,Callum,Graham,99 Trehafod Road,BUCKMAN CORNER,RH14 0DZ,WebShield,1/5/2018,1/5/2022,,
408,Mr.,Taylor,Boyle,47 Worthy Lane,MARUIG,HS3 2EZ,WebShield,1/5/2018,1/5/2022,,
409,Ms.,Skye,Blake,61 Prestwick Road,INNELLAN,PA23 9DU,WebShield,30/12/2020,30/12/2022,,
410,Mr.,Dominic,Noble,18 Gloucester Road,CHURCHOVER,CV23 9RG,TotalShield,1/5/2018,1/5/2022,,
411,Ms.,Kate,Cross,2 Prince Consort Road,KELSO,TD5 1ZX,WebShield,1/5/2018,1/5/2022,,
412,Ms.,Kate,Gardiner,38 Ross Road,MARSTON ST LAWRENCE,OX17 1ZA,Free,1/5/2018,,,
413,Ms.,Hollie,Baker,54 Haslemere Road,EASTON-IN-GORDANO,BS20 9HP,WebShield,30/06/2019,30/06/2022,,
414,Mr.,Ellis,Cox,63 Abingdon Road,BRAMPTON BRYAN,SY7 2HS,TotalShield,30/09/2019,30/09/2022,,
415,Mrs.,Ruby,Johnson,26 Consett Rd,HILPERTON,BA14 2TF,WebShield,1/5/2018,1/5/2022,,
416,Mr.,Josh,Collins,42 Park Avenue,LATTIFORD,BA9 5BP,WebShield,13/10/2020,13/10/2021,,
417,Mr.,Sebastian,Norman,87 Caerfai Bay Road,TEMPLE,PL30 4BF,Free,1/5/2018,,,
418,Ms.,Evie,Daly,77 Harehills Lane,ROWHEDGE,CO5 1TA,TotalShield,13/12/2018,13/12/2021,,
419,Mrs.,Georgina,Miah,84 Wrexham Road,FAULS,SY13 1QF,WebShield,1/5/2018,1/5/2022,,
420,Mrs.,Elizabeth,Hobbs,15 Hindhead Road,EAST BARNBY,YO21 1DR,WebShield,1/5/2018,1/5/2022,,
421,Mr.,Ellis,Gibbs,89 Ballifeary Road,BALLOCHFORD,AB54 2AX,WebShield,12/9/2018,12/9/2021,,
422,Mr.,Josh,Birch,45 Petworth Rd,DWYGYFYLCHI,LL34 3YU,Free,1/5/2018,,,
423,Mr.,David,Ryan,74 Whitchurch Road,ENDMOOR,LA8 2BB,Free,1/5/2018,,,
424,Mrs.,Kayleigh,Haynes,64 Earls Avenue,WHITEBURN,TD2 7TB,TotalShield,1/5/2018,1/5/2022,,
425,Mr.,Corey,Miller,35 Brackley Road,TILLYPRONIE,AB34 5PR,Free,1/5/2018,,,
426,Mr.,Charlie,Harvey,41 Great Western Road,LONGPARISH,SP11 7WT,WebShield,26/06/2018,26/06/2021,,
427,Dr.,John,Bevan,51 Bullwood Rd,ST GEORGE,LL22 2SB,TotalShield,17/07/2019,17/07/2022,,
428,Mrs.,Bethany,Slater,50 Wood Lane,BADGER,WV6 3XD,WebShield,28/07/2020,28/07/2022,,
429,Mr.,Anthony,Kay,34 Great North Road,ALTHORPE,DN17 3ND,WebShield,1/5/2018,1/5/2022,,
430,Mrs.,Katherine,Henry,89 Bootham Terrace,RATHLIESBEAG,PH34 8FB,WebShield,2/9/2020,2/9/2023,,
431,Mr.,Riley,Holland,76 Tonbridge Rd,CONTULLICH,IV17 9XG,PremierShield,1/5/2018,1/5/2022,,
432,Mr.,Daniel,Whittaker,11 Canterbury Road,WADDINGHAM,DN21 5WF,TotalShield,9/12/2020,9/12/2023,,
433,Mr.,Tom,Jordan,41 York Road,OUSDALE,KW7 9AR,WebShield,1/5/2018,1/5/2022,,
434,Dr.,Emma,Wilkinson,17 Kendell Street,SHAW,SN5 8ND,WebShield,6/3/2018,6/3/2022,,
435,Mr.,Luca,Conway,96 Marlborough Crescent,SOUTHAMPTON,SO15 2QZ,Free,1/5/2018,,,
436,Mr.,Benjamin,Godfrey,57 Maidstone Road,WEST AMESBURY,SP4 0FX,WebShield,1/5/2018,1/5/2022,,
437,Mr.,Nathan,Richards,99 Hendford Hill,MOUNT HAWKE,TR4 5XG,WebShield,13/12/2019,13/12/2021,,
438,Mr.,John,Palmer,90 Newgate Street,KEERES GREEN,CM6 5GT,Free,1/5/2018,,,
439,Mr.,Matthew,Young,71 Ash Lane,YELVERTOFT,NN6 3SN,Free,1/5/2018,,,
440,Ms.,Grace,Bray,83 Buckingham Rd,THORNHAM PARVA,IP23 8TY,PremierShield,1/5/2018,1/5/2022,,
441,Mrs.,Louise,Todd,12 Main Rd,FONTHILL BISHOP,SP3 1NH,PremierShield,17/03/2020,17/03/2023,,
442,Mrs.,Alexandra,Holden,38 Bullwood Rd,ST DECUMANS,TA23 0QD,TotalShield,1/5/2018,1/5/2022,,
443,Mr.,Josh,Perry,84 North Promenade,DOVENBY,CA13 0SL,TotalShield,1/5/2018,1/5/2022,,
444,Mr.,Henry,Dickinson,18 Caxton Place,BYFORD,HR4 8BZ,Free,1/5/2018,,,
445,Mr.,George,Coates,8 Bath Rd,WOOD NORTON,NR20 0AA,Free,1/5/2018,,,
446,Mr.,Kyle,Hanson,82 Simone Weil Avenue,WEALD,OX18 8DA,Free,1/5/2018,,,
447,Ms.,Alisha,Fletcher,12 Souterhead Road,LOUGHTON,WV16 3QX,TotalShield,1/5/2018,1/5/2022,,
448,Dr.,Robert,Dean,81 Cunnery Rd,MALDEN,KT4 2ZN,TotalShield,1/5/2018,1/5/2022,,
449,Mr.,Tom,Miah,35 Ings Lane,DAVOCH OF GRANGE,AB55 2QU,TotalShield,1/5/2018,1/5/2022,,
450,Ms.,Hannah,Stephenson,28 Rowland Rd,OTHERY,TA7 7GL,Free,1/5/2018,,,
451,Mrs.,Lydia,Nash,9 Balsham Road,HARRIS,PH43 3FN,PremierShield,24/11/2018,24/11/2022,,
452,Mr.,Ryan,Powell,34 Great North Road,ALTARNUN,PL15 2EF,Free,1/5/2018,,,
453,Mrs.,Rachel,Baldwin,44 Netherpark Crescent,STEVENTON,OX13 5ST,WebShield,14/10/2020,14/10/2022,,
454,Mr.,Nathan,Freeman,7 Spilman Street,GORSLEY,GL18 2SP,TotalShield,3/3/2020,3/3/2022,,
455,Mr.,Dominic,Coles,6 Ramsgate Rd,WILLSWORTHY,PL19 0FH,TotalShield,1/5/2018,1/5/2022,,
456,Ms.,Sophia,Payne,3 Buckingham Rd,THORNBURY,BS12 5NR,WebShield,18/03/2020,18/03/2023,,
457,Ms.,Lola,Anderson,1 Brynglas Road,GLENHEAD,DG2 5LL,WebShield,16/07/2018,16/07/2022,,
458,Mr.,Ryan,Fry,67 Pendwyallt Road,BURTON,NE69 0RA,PremierShield,5/8/2018,5/8/2021,,
459,Ms.,Amy,Hobbs,94 Hexham Road,INVERINATE,IV40 2HB,WebShield,18/12/2017,18/12/2021,,
460,Mrs.,Maddison,Thompson,11 Main St,ACHLIAN,PA33 3QX,Free,1/5/2018,,,
461,Mr.,Aidan,Mitchell,33 Princes Street,ROKER,SR6 1WN,WebShield,23/04/2020,23/04/2023,,
462,Ms.,Yasmin,Hayes,37 Stroud Rd,OLD FELIXSTOWE,IP11 8AN,Free,1/5/2018,,,
463,Mr.,Elliot,Barber,39 Horsefair Green,OLD TOWN,LA6 4AF,Free,1/5/2018,,,
464,Mrs.,Poppy,Griffin,12 Wartnaby Road,ACKTON,WF7 4WD,WebShield,22/09/2020,22/09/2021,,
465,Mr.,Hayden,Gough,8 Lairg Road,NEWCHURCH,HR5 4DR,Free,1/5/2018,,,
466,Mr.,Henry,Jones,64 Caxton Place,BYNEA,SA14 7LD,Free,1/5/2018,,,
467,Mrs.,Ruby,Barker,9 Crescent Avenue,DUFTON,CA16 3ES,Free,1/5/2018,,,
468,Mr.,Morgan,Short,65 Scotswood Road,HOPEMAN,IV30 8FQ,WebShield,21/12/2018,21/12/2021,,
469,Ms.,Grace,Owens,21 Red Lane,EVANTON,IV16 6JT,WebShield,28/07/2018,28/07/2021,,
470,Mr.,Ewan,Patterson,35 Gordon Terrace,BATT'S CORNER,GU10 2GP,WebShield,5/6/2019,5/6/2022,,
471,Mr.,Corey,Robinson,99 Hudson St,DUISDEALMOR,IV43 8RH,TotalShield,23/08/2019,23/08/2021,,
472,Mr.,Robert,Rose,54 Kendell Street,SHELTON,NG23 5UN,WebShield,1/5/2018,1/5/2022,,
473,Ms.,Abby,Morrison,27 Winchester Rd,MEONSTOKE,SO32 7TZ,Free,1/5/2018,,,
474,Mr.,Jacob,Morley,34 Town Lane,SOUTH HALL,PA22 8SZ,TotalShield,1/5/2018,1/5/2022,,
475,Ms.,Mia,Matthews,34 Ash Lane,YSGUBOR-Y-COED,SY20 7JY,TotalShield,7/9/2018,7/9/2021,,
476,Mrs.,Tegan,Bevan,34 Russell Rd,SHIPTON,GL54 4XJ,Free,1/5/2018,,,
477,Mrs.,Millie,Begum,77 East Street,MAPPLEBOROUGH GREEN,B80 9WB,WebShield,1/5/2018,1/5/2022,,
478,Mrs.,Keira,Bryan,43 Huntly Street,BARLOW,YO8 4TR,Free,1/5/2018,,,
479,Mr.,Max,Hobbs,97 Great Western Road,LONGBRIDGE DEVERILL,BA12 0RQ,Free,1/5/2018,,,
480,Mr.,Leo,Fraser,88 Gordon Terrace,BARTON HARTSHORN,MK18 3RL,Free,1/5/2018,,,
481,Ms.,Alicia,Murphy,88 Caerfai Bay Road,TEWKESBURY,GL20 1GY,TotalShield,30/06/2020,30/06/2023,,
482,Mr.,Leo,Atkinson,73 Merthyr Road,BURLESCOMBE,EX16 5UX,WebShield,15/04/2020,15/04/2022,,
483,Mr.,Charles,Ellis,43 Hounslow Rd,SMIRISARY,PH38 9WB,TotalShield,20/10/2019,20/10/2021,,
484,Dr.,Spencer,Benson,66 South Crescent,MACHRIE,PA42 0RL,TotalShield,29/12/2020,29/12/2021,,
485,Mr.,Aidan,Doyle,61 Boughton Rd,WHITWELL,LE15 8GP,WebShield,1/5/2018,1/5/2022,,
486,Mr.,Josh,Hargreaves,81 South Crescent,LYNTON,EX35 0FU,WebShield,2/4/2019,2/4/2022,,
487,Ms.,Kayleigh,Davison,29 Emerson Road,KINVEACHY,PH24 5QA,TotalShield,1/5/2018,1/5/2022,,
488,Mrs.,Lauren,Forster,40 Gloucester Road,CILRHEDYN,SA35 1TT,Free,1/5/2018,,,
489,Mrs.,Laura,Connolly,36 Clasper Way,HERRINGTON,SR3 2UR,TotalShield,1/5/2018,1/5/2022,,
490,Mrs.,Samantha,Leonard,89 Grenoble Road,BRIDE,IM7 6QP,Free,1/5/2018,,,
491,Mr.,Jonathan,Preston,19 Old Chapel Road,GATE HELMSLEY,YO41 2WZ,TotalShield,12/7/2020,12/7/2023,,
492,Mr.,Finlay,Sanders,52 Uxbridge Road,SLICKLY,KW1 6RP,WebShield,11/11/2018,11/11/2021,,
493,Mrs.,Kate,Lawrence,55 Ermin Street,YAFFORD,PO30 7WW,WebShield,6/9/2019,6/9/2022,,
494,Ms.,Melissa,Joyce,29 Withers Close,ALLNABAD,IV27 6XD,TotalShield,1/5/2018,1/5/2022,,
495,Mr.,Jake,Shaw,39 Fosse Way,ARDTARIG,PA23 0WY,Free,1/5/2018,,,
496,Mrs.,Alexandra,Burns,93 Bootham Crescent,RIGG,IV51 0YQ,Free,1/5/2018,,,
497,Mr.,James,Dyer,35 Abbey Row,NUN MONKTON,YO5 5LU,Free,1/5/2018,,,
498,Ms.,Anna,Clark,32 Thames Street,BOLGOED,SA4 6UR,TotalShield,20/02/2019,20/02/2022,,
499,Mrs.,Sophia,Nicholson,32 Rowland Rd,ORCHARD PORTMAN,TA3 3EZ,WebShield,1/5/2018,1/5/2022,,
500,Ms.,Maddison,Godfrey,92 New Dover Rd,WALLASEY,CH45 1XB,WebShield,19/05/2020,19/05/2022,,
501,Mr.,Owen,Robertson,64 Emerson Road,KINSHAM,LD8 8SJ,Free,1/5/2018,,,
502,Mr.,Michael,Lee,65 Mill Lane,CORNQUOY,KW17 6QE,Free,1/5/2018,,,
503,Mrs.,Jessica,Noble,2 Monks Way,TORQUHAN,TD1 8HR,TotalShield,1/5/2018,1/5/2022,,
504,Mrs.,Amelia,Wall,35 Warner Close,HAUGH OF GLASS,AB54 1RY,WebShield,23/08/2020,23/08/2023,,
505,Mrs.,Chelsea,Walters,82 Lammas Street,GRAVELEY,PE18 1WW,PremierShield,1/5/2018,1/5/2022,,
506,Mr.,Adam,Khan,69 Huntly Street,BARMBY MOOR,YO42 8FF,WebShield,1/5/2018,1/5/2022,,
507,Mrs.,Poppy,Saunders,34 Station Rd,RABY,L63 0QP,Free,1/5/2018,,,
508,Mr.,Rhys,Holt,44 West Lane,DALMARY,FK8 0BD,Free,1/5/2018,,,
509,Mr.,Harrison,Noble,40 Circle Way,CAERGWRLE,LL12 9LL,WebShield,22/04/2020,22/04/2022,,
510,Mr.,Adam,Bevan,67 Cefn Road,FARTHINGLOE,CT15 4HJ,WebShield,1/5/2018,1/5/2022,,
511,Ms.,Zara,Harper,91 Fraserburgh Rd,LINDEAN,TD7 5BQ,Free,1/5/2018,,,
512,Mrs.,Shannon,Garner,25 Kendell Street,SHEEN,SK17 7WD,PremierShield,5/9/2019,5/9/2022,,
513,Mrs.,Evie,Rees,15 Hexham Road,INVERNAVER,KW14 9XQ,TotalShield,15/01/2021,15/01/2023,,
514,Mrs.,Georgina,Mason,98 Souterhead Road,LOWER BENEFIELD,PE8 0BS,PremierShield,1/5/2018,1/5/2022,,
515,Mr.,Patrick,White,91 Nottingham Rd,ABERNYTE,PH14 7QB,WebShield,17/11/2020,17/11/2023,,
516,Mr.,Peter,Oliver,58 Argyll Road,LLANDRILLO,LL21 9AJ,TotalShield,16/06/2020,16/06/2023,,
517,Mrs.,Jodie,Coles,27 Coast Rd,KIRKBY FLEETHAM,DL7 8WH,TotalShield,16/05/2019,16/05/2022,,
518,Ms.,Abby,Norris,35 Terrick Rd,EGMANTON,NG22 7UW,WebShield,2/12/2020,2/12/2022,,
519,Ms.,Skye,Bond,76 Harrogate Road,RUNSELL GREEN,CM3 8GB,TotalShield,20/04/2019,20/04/2022,,
520,Mr.,Archie,Webb,38 Whatlington Road,COWAN BRIDGE,LA6 3UG,PremierShield,1/5/2018,1/5/2022,,
521,Ms.,Skye,Metcalfe,24 Farburn Terrace,LITTLE GRIMSBY,LN11 2PR,WebShield,17/03/2020,17/03/2023,,
522,Mr.,Benjamin,Reed,93 Rhosddu Rd,FINGERPOST,DY14 0RQ,WebShield,9/9/2019,9/9/2022,,
523,Mrs.,Eva,Barnes,55 Golf Road,SWFFRYD,NP1 1DG,TotalShield,4/5/2020,4/5/2023,,
524,Mrs.,Jodie,Sharpe,52 Prestwick Road,INGERTHORPE,HG3 0SQ,PremierShield,7/5/2018,7/5/2022,,
525,Ms.,Jodie,Fowler,93 Canterbury Road,UPTON,WF9 9SS,WebShield,21/01/2020,21/01/2023,,
526,Mr.,Toby,Bird,98 High Street,ASHLEY,BH25 8GD,PremierShield,30/08/2020,30/08/2022,,
527,Ms.,Maddison,O'Connor,66 Asfordby Rd,ALCASTON,SY6 3LR,TotalShield,1/5/2018,1/5/2022,,
528,Mrs.,Charlie,Ferguson,55 Jedburgh Road,LEPPINGTON,YO17 0HD,Free,1/5/2018,,,
529,Mr.,Jonathan,Khan,4 Buckingham Rd,THORNHAUGH,PE8 6XU,WebShield,2/1/2021,2/1/2023,,
530,Ms.,Kayleigh,Cooke,85 Iffley Road,BROAD GREEN,MK43 9DJ,PremierShield,10/4/2020,10/4/2022,,
531,Ms.,Jade,Hammond,39 Princes Street,ROMANBY,DL7 5XE,WebShield,26/08/2020,26/08/2022,,
532,Mr.,Billy,Morley,10 Red Lane,EOROPAIDH,HS2 5QF,TotalShield,3/8/2019,3/8/2022,,
533,Mrs.,Melissa,Perry,65 Peachfield Road,CEFN-COCH,SY10 7HQ,TotalShield,1/5/2018,1/5/2022,,
534,Mr.,Harley,Moore,45 Vicar Lane,SANDGATE,CT20 0WT,Free,1/5/2018,,,
535,Dr.,Leon,Davies,65 Huntly Street,BARNSTON,CM6 2TX,TotalShield,1/5/2018,1/5/2022,,
536,Dr.,Kai,Cooper,40 North Promenade,DOUGLAS AND ANGUS,DD5 6PQ,Free,1/5/2018,,,
537,Mr.,Mason,Godfrey,65 New Dover Rd,WAEN,LL16 3WZ,WebShield,24/09/2020,24/09/2021,,
538,Mrs.,Maisie,Clark,18 Trehafod Road,BULL BAY,LL68 6SE,TotalShield,22/05/2020,22/05/2023,,
539,Mrs.,Cerys,Riley,12 Monks Way,TORR,PL8 7PA,TotalShield,16/09/2019,16/09/2021,,
540,Mrs.,Kate,Smith,33 Botley Road,MIDDLESBROUGH,TS1 9HU,WebShield,23/10/2018,23/10/2022,,
541,Mr.,Aidan,Murphy,59 Ploughley Rd,TINWELL,PE9 4RP,WebShield,3/5/2020,3/5/2023,,
542,Mr.,Leon,Doyle,67 Jesmond Rd,KILMARIE,IV49 0LE,Free,1/5/2018,,,
543,Ms.,Evie,Berry,59 Witney Way,KNEDLINGTON,DN14 2JF,Free,1/5/2018,,,
544,Mr.,Harry,Peters,31 Chapel Lane,ARTHURSTONE,PH13 1QA,Free,1/5/2018,,,
545,Mr.,Charlie,Booth,45 Marcham Road,BOTLEY,HP5 1AG,WebShield,24/10/2020,24/10/2021,,
546,Mrs.,Kayleigh,Rhodes,91 Boughton Rd,WICKHAMBROOK,CB8 4HN,PremierShield,20/12/2019,20/12/2022,,
547,Ms.,Abigail,Stone,70 Wade Lane,SALWARPE,WR9 4EZ,WebShield,12/12/2020,12/12/2022,,
548,Mr.,George,Skinner,78 Spilman Street,GORSENESS,KW17 7HF,WebShield,19/09/2019,19/09/2021,,
549,Mr.,Finley,Hicks,51 Neville Street,ICOMB,GL54 8DQ,TotalShield,6/5/2019,6/5/2022,,
550,Mr.,Joel,Baker,53 London Road,COLYFORD,EX13 8XA,WebShield,28/03/2018,28/03/2022,,
551,Mr.,Rhys,Dennis,68 Thompsons Lane,MEIKLE WARTLE,AB51 9NP,TotalShield,1/5/2018,1/5/2022,,
552,Mr.,Logan,Nelson,83 Monks Way,TOSELAND,PE19 1SY,WebShield,1/9/2020,1/9/2022,,
553,Mrs.,Brooke,Sharp,33 Terrick Rd,EGLWYS FACH,SY20 1QF,TotalShield,2/4/2020,2/4/2023,,
554,Mr.,Mohammed,Mitchell,95 Glenurquhart Road,BALFOUR,KW17 8DZ,PremierShield,1/5/2019,1/5/2022,,
555,Mr.,Jay,Field,64 Grey Street,KEXBY,DN21 3YG,WebShield,10/12/2017,10/12/2022,,
556,Mr.,Sean,Kirby,93 Park End St,BROMPTON,DL6 5FP,WebShield,24/08/2018,24/08/2021,,
557,Dr.,Laura,Gill,72 Russell Rd,SHIPHAY,TQ3 3LB,WebShield,24/12/2017,24/12/2022,,
558,Mr.,Jack,Alexander,18 Hampton Court Rd,SPINDLESTONE,NE70 1LH,WebShield,19/12/2020,19/12/2023,,
559,Dr.,David,Walsh,39 Temple Way,WINTERBOURNE ABBAS,DT2 4LN,Free,1/5/2018,,,
560,Mr.,Louie,Dean,4 Iffley Road,BROADWEY,DT3 9UZ,WebShield,18/12/2020,18/12/2023,,
561,Mr.,Rhys,Rowe,83 Marcham Road,BOROUGH GREEN,TN15 5GP,TotalShield,1/5/2018,1/5/2022,,
562,Ms.,Rachel,Briggs,51 Harrogate Road,RUSHMOOR,GU10 8ZL,PremierShield,6/6/2020,6/6/2022,,
563,Ms.,Francesca,Khan,44 Freezeland Lane,CRACKPOT,DL11 4QG,PremierShield,1/5/2018,1/5/2022,,
564,Mr.,Declan,Manning,71 Emerson Road,KINNERTON,LD8 7JR,Free,1/5/2018,,,
565,Mr.,Bailey,Humphreys,87 Sloe Lane,CROXDEN,ST14 4ZU,TotalShield,15/02/2020,15/02/2023,,
566,Ms.,Alexandra,Schofield,18 Iolaire Road,NEW BRINSLEY,NG16 4JW,PremierShield,1/5/2018,1/5/2022,,
567,Mr.,Dylan,Ball,40 Asfordby Rd,ALDERTON,SN14 7EQ,TotalShield,20/08/2019,20/08/2022,,
568,Mr.,David,Peacock,38 Ballifeary Road,BALLINLUIG,PH10 8LA,WebShield,11/7/2019,11/7/2022,,
569,Mrs.,Paige,Osborne,83 Wressle Road,PITNACREE,PH9 5FG,TotalShield,1/5/2018,1/5/2022,,
570,Mrs.,Tia,Sinclair,86 Haslemere Road,EASTWICK,CM20 5JA,Free,1/5/2018,,,
571,Mr.,John,Sharp,98 Broomfield Place,STOKE-ON-TRENT,ST4 8ZU,Free,1/5/2018,,,
572,Mr.,Samuel,Dale,69 Vicar Lane,SAPPERTON,GL7 9QU,Free,1/5/2018,,,
573,Mr.,Toby,Lewis,45 Leicester Road,AYOT ST LAWRENCE,AL6 6BX,Free,1/5/2018,,,
574,Mrs.,Francesca,Moss,46 Ramsgate Rd,WILLETT,TA4 8BU,PremierShield,1/5/2018,1/5/2022,,
575,Mrs.,Rebecca,Tomlinson,41 Iolaire Road,NEW BARN,DA3 7SZ,Free,1/5/2018,,,
576,Mr.,Alfie,Long,62 Uxbridge Road,SLINFOLD,RH13 4QY,TotalShield,8/11/2017,8/11/2021,,
577,Ms.,Cerys,Duncan,24 Main St,ABERSOCH,LL53 6UA,Free,1/5/2018,,,
578,Mr.,Declan,Whitehouse,87 Annfield Rd,BEACON END,CO3 8JR,WebShield,6/10/2018,6/10/2022,,
579,Mrs.,Charlotte,Hancock,69 South Western Terrace,MILTON COLDWELLS,AB41 1FX,Free,1/5/2018,,,
580,Mrs.,Scarlett,Godfrey,42 Walden Road,GREENLAND,KW14 7GZ,Free,1/5/2018,,,
581,Ms.,Brooke,Patterson,27 South Western Terrace,MINSTER,CT12 4PP,PremierShield,1/5/2018,1/5/2022,,
582,Mr.,Kian,Robertson,9 Park Avenue,LEA YEAT,LA10 7FP,TotalShield,4/2/2019,4/2/2023,,
583,Ms.,Melissa,Boyle,66 Tadcaster Rd,PITCHFORD,SY5 6HT,Free,1/5/2018,,,
584,Ms.,Isabella,Butler,47 Canterbury Road,UPTON END,SG5 4JF,Free,1/5/2018,,,
585,Mrs.,Ruby,Wright,3 Chapel Lane,ARISAIG,PH39 4SR,Free,1/5/2018,,,
586,Mr.,Aaron,Pritchard,59 Mill Lane,CORNISH HALL END,CM7 8JG,Free,1/5/2018,,,
587,Ms.,Eve,Lane,31 Circle Way,CAERAU,CF34 5LH,WebShield,14/10/2019,14/10/2022,,
588,Mrs.,Lily,Doherty,32 Northgate Street,BHALTOS,HS2 6HJ,TotalShield,2/11/2018,2/11/2021,,
589,Mr.,Kai,Bentley,19 Davids Lane,SULLINGTON,RH20 1ST,WebShield,1/5/2018,1/5/2022,,
590,Mr.,Leon,Armstrong,37 Seaford Road,CULDUIE,IV54 7AD,Free,1/5/2018,,,
591,Ms.,Natasha,Coates,37 Ockham Road,EAST NORTON,LE7 7DT,Free,1/5/2018,,,
592,Mr.,Elliot,Banks,70 Station Rd,QUEBEC,DH7 8GW,TotalShield,4/2/2019,4/2/2022,,
593,Mr.,Oliver,Dyer,57 Front St,HEOL-Y-CYW,CF35 5WA,Free,1/5/2018,,,
594,Mr.,Reece,Gough,61 Guildford Rd,EAST LOUND,DN9 1JD,WebShield,1/5/2018,1/5/2022,,
595,Mrs.,Jodie,Ingram,66 Broad Street,LOWNIE MOOR,DD8 3UP,WebShield,10/10/2019,10/10/2021,,
596,Mrs.,Eva,Connor,75 Helland Bridge,UPPER GORNAL,DY3 8WS,Free,1/5/2018,,,
597,Mr.,Reece,White,72 Dover Road,WESTCOTT,HP18 6FB,Free,1/5/2018,,,
598,Mrs.,Jodie,Schofield,67 Stone St,CRATHIE,PH20 5XP,WebShield,17/11/2019,17/11/2021,,
599,Ms.,Alisha,Daniels,40 Ermin Street,WREAY,CA11 8TH,WebShield,16/02/2018,16/02/2022,,
600,Ms.,Tia,Moran,2 Park Row,EDINBARNET,G81 4XA,WebShield,8/12/2018,8/12/2022,,
601,Ms.,Sarah,McLean,44 Lincoln Green Lane,CHRISHALL GRANGE,SG8 9ND,WebShield,12/2/2019,12/2/2022,,
602,Ms.,Kiera,Khan,20 Seafield Street,LLANTARNAM,NP44 5NX,WebShield,1/5/2018,1/5/2022,,
603,Mr.,Toby,Bishop,56 St Dunstans Street,WASPERTON,CV35 8DH,Free,1/5/2018,,,
604,Mr.,Ethan,Lamb,83 York Road,OVER PEOVER,WA16 7GX,Free,1/5/2018,,,
605,Ms.,Aaliyah,Buckley,62 Whatlington Road,COUR,PA28 9SY,WebShield,11/2/2020,11/2/2022,,
606,Mrs.,Amelia,Turner,81 Malcolm Rd,LLANGELER,SA44 3UF,Free,1/5/2018,,,
607,Mr.,William,Mahmood,8 Annfield Rd,BEARNOCK,IV3 8GA,Free,1/5/2018,,,
608,Dr.,Spencer,Dobson,78 Walden Road,GREENFIELD,MK45 8FJ,Free,1/5/2018,,,
609,Mr.,Leo,Hope,65 Ponteland Rd,HOWLETT END,CB10 2DB,Free,1/5/2018,,,
610,Mr.,Ewan,Moss,54 Cefn Road,FALLIN,FK7 3WD,Free,1/5/2018,,,
611,Mr.,Matthew,West,46 Clasper Way,HERRING'S GREEN,MK45 4WD,Free,1/5/2018,,,
612,Mr.,Louie,Matthews,53 Shire Oak Road,SCAWTON,YO7 3UX,PremierShield,7/1/2020,7/1/2023,,
613,Mrs.,Morgan,Harper,18 Guild Street,LONDON,SE9 8AQ,WebShield,25/01/2020,25/01/2023,,
614,Dr.,Dominic,Marsden,88 Colorado Way,RHOSTRYFAN,LL54 5YH,TotalShield,2/4/2020,2/4/2023,,
615,Ms.,Madeleine,Simpson,5 Front St,HENDON,SR2 9LL,TotalShield,1/5/2018,1/5/2022,,
616,Mr.,Jake,Jones,83 Brackley Road,TINGRITH,MK17 7PE,WebShield,4/1/2019,4/1/2022,,
617,Mr.,Samuel,Ashton,15 Hertingfordbury Rd,NEWTON,IV11 1EP,WebShield,1/5/2018,1/5/2022,,
618,Mr.,Thomas,Waters,42 Abingdon Road,BRANCHILL,IV36 7ZF,WebShield,4/11/2018,4/11/2022,,
619,Mr.,Ben,Pickering,56 Well Lane,PAULL,HU12 8WY,TotalShield,30/11/2020,30/11/2022,,
620,Mr.,Isaac,Burke,80 Jedburgh Road,LEORIN,PA42 0NY,WebShield,1/5/2018,1/5/2022,,
621,Mrs.,Lydia,Campbell,51 Broad Street,LOWESTOFT END,NR32 6LT,Free,1/5/2018,,,
622,Mr.,Alexander,Norton,16 Whitchurch Road,EMPSHOTT,GU33 2UU,TotalShield,5/9/2019,5/9/2021,,
623,Mrs.,Lilly,Reed,43 Wade Lane,SALTCOTES,FY8 1WB,TotalShield,1/5/2018,1/5/2022,,
624,Ms.,Maddison,Patterson,75 Newport Road,CARLTON IN CLEVELAND,TS9 7FU,TotalShield,4/5/2020,4/5/2022,,
625,Mrs.,Libby,Fowler,47 Kent Street,CROSS IN HAND,TN21 3HE,WebShield,1/5/2018,1/5/2022,,
626,Mr.,Callum,Matthews,82 Park Avenue,LAZENBY,TS6 5FD,WebShield,25/04/2020,25/04/2022,,
627,Mr.,Mohammad,Barnes,86 Iolaire Road,NETTON,PL8 5YE,PremierShield,26/12/2020,26/12/2023,,
628,Ms.,Charlie,Jenkins,12 Thames Street,BOLTON PERCY,YO5 3UB,TotalShield,1/5/2018,1/5/2022,,
629,Mr.,Jude,O'Brien,83 Scotsburn Rd,TALSKIDDY,TR9 8JY,WebShield,10/4/2020,10/4/2022,,
630,Mrs.,Anna,Haynes,91 Front Street,LAIRIGMOR,PH33 1BG,Free,1/5/2018,,,
631,Mr.,David,Parker,1 Boar Lane,SEMINGTON,BA14 3ZY,WebShield,5/12/2020,5/12/2022,,
632,Mr.,Zachary,Waters,18 Felix Lane,SHOTTLE,DE56 4PB,Free,1/5/2018,,,
633,Mr.,Daniel,Clarke,90 Brackley Road,TIMPERLEY,WA15 3WR,TotalShield,1/5/2018,1/5/2022,,
634,Ms.,Eva,Reeves,7 Ilchester Road,MYTHOLMROYD,HX7 8UH,PremierShield,1/5/2018,1/5/2022,,
635,Ms.,Mollie,Price,77 Quay Street,NANTGLYN,LL16 1RT,WebShield,1/5/2018,1/5/2022,,
636,Mrs.,Eve,Bull,24 Withers Close,ALDRETH,CB6 3WX,Free,1/5/2018,,,
637,Mr.,Harvey,Shaw,7 Stroude Road,SIDFORD,EX10 7TA,TotalShield,4/10/2019,4/10/2021,,
638,Ms.,Lilly,Farmer,66 Thames Street,BONCHESTER BRIDGE,TD9 0AQ,TotalShield,26/01/2020,26/01/2023,,
639,Mr.,Edward,Whitehead,46 Bishopthorpe Road,PENDERYN,CF44 4UW,WebShield,14/08/2020,14/08/2023,,
640,Ms.,Abby,Rowe,5 Southlands Road,POLESWORTH,B78 4GG,WebShield,28/04/2019,28/04/2022,,
641,Ms.,Naomi,Howe,79 Prestwick Road,INVERARAY,PA32 8SE,PremierShield,4/12/2020,4/12/2022,,
642,Mr.,Jamie,Cooper,1 Caerfai Bay Road,THAME,OX9 3SR,WebShield,1/5/2018,1/5/2022,,
643,Ms.,Francesca,Potter,79 Scotswood Road,HOOK,RG27 9EZ,WebShield,16/12/2020,16/12/2023,,
644,Mrs.,Rebecca,Kaur,96 St James Boulevard,HORSINGTON,LN3 1PF,WebShield,16/06/2019,16/06/2022,,
645,Mr.,Kieran,Schofield,11 Bath Rd,WOODDITTON,CB8 7QH,PremierShield,1/5/2018,1/5/2022,,
646,Mr.,Gabriel,Heath,82 Huntly Street,BARRHILL,KA26 4BW,WebShield,1/5/2018,1/5/2022,,
647,Mr.,Connor,Randall,87 Golf Road,SWIMBRIDGE NEWLAND,EX32 6FB,WebShield,1/5/2018,1/5/2022,,
648,Ms.,Demi,Allan,52 Argyll Road,LLANCARFAN,CF62 7HU,TotalShield,1/5/2018,1/5/2022,,
649,Mr.,Aidan,Mason,60 Fulford Road,PENTRE-DOLAU-HONDDU,LD3 1NE,PremierShield,1/5/2018,1/5/2022,,
650,Mrs.,Aaliyah,Bevan,43 Iffley Road,BROADOAK,TN21 8GL,WebShield,7/1/2019,7/1/2022,,
651,Mr.,Spencer,Gilbert,96 Balsham Road,HARTON,SY6 1SB,WebShield,1/5/2018,1/5/2022,,
652,Ms.,Ruby,Newton,39 Friar Street,CLERKLANDS,TD6 3UW,PremierShield,11/6/2019,11/6/2022,,
653,Mrs.,Chelsea,Harding,56 Gloddaeth Street,BIRDWOOD,GL2 8WA,Free,1/5/2018,,,
654,Mr.,Ben,Lee,7 Witney Way,KITTISFORD,TA21 1HA,WebShield,4/11/2017,4/11/2022,,
655,Ms.,Louise,Crawford,81 Main Rd,FOFFARTY,DD8 4UQ,WebShield,3/8/2019,3/8/2022,,
656,Mrs.,Lauren,Pollard,27 Newgate Street,JOPPA,EH15 7UG,Free,1/5/2018,,,
657,Ms.,Daisy,Burrows,93 London Road,COLWALL GREEN,WR13 0TS,TotalShield,8/1/2019,8/1/2023,,
658,Ms.,Hannah,Lowe,26 Ockham Road,EASTER ARDROSS,IV17 0HH,TotalShield,3/8/2019,3/8/2021,,
659,Ms.,Holly,Coates,62 Dunmow Road,GRUTING,ZE2 0SY,Free,1/5/2018,,,
660,Mr.,Benjamin,Brown,1 Tonbridge Rd,COPDOCK,IP8 1UQ,Free,1/5/2018,,,
661,Ms.,Faith,Shaw,69 Bath Rd,WOOD STREET,GU3 6FW,WebShield,1/3/2020,1/3/2022,,
662,Mrs.,Harriet,Martin,47 Worthy Lane,MARYHILL,AB53 0NY,Free,1/5/2018,,,
663,Mr.,Alfie,Elliott,68 Bishopthorpe Road,PENDOCK,GL19 9PU,WebShield,5/11/2018,5/11/2021,,
664,Mr.,Freddie,Young,66 Prince Consort Road,KELSICK,CA5 9GR,WebShield,23/06/2020,23/06/2022,,
665,Mr.,Spencer,Sykes,69 Mill Lane,COSTON,NR9 0GL,PremierShield,7/7/2020,7/7/2022,,
666,Mrs.,Samantha,Robertson,27 Holgate Rd,RAMPTON,DN22 0QQ,PremierShield,13/09/2019,13/09/2022,,
667,Ms.,Madison,Sinclair,63 Wood Lane,BAILE GLAS,HS6 3EU,WebShield,1/5/2018,1/5/2022,,
668,Mr.,Mason,Campbell,8 Hudson St,DULOE,PE19 9XR,Free,1/5/2018,,,
669,Mr.,Josh,Scott,48 Prince Consort Road,KELLAS,DD5 3PU,TotalShield,19/01/2021,19/01/2023,,
670,Ms.,Sophie,Pugh,98 Ramsgate Rd,WILLESBOROUGH LEES,TN24 6TH,Free,1/5/2018,,,
671,Ms.,Erin,Thorpe,61 Southend Avenue,BLACKSTONE,BN5 3FT,WebShield,1/5/2018,1/5/2022,,
672,Mr.,Oscar,Hart,29 Stroud Rd,OFFERTON,SK2 1GP,Free,1/5/2018,,,
673,Ms.,Alexandra,Williams,64 Manor Way,GREAT PALGRAVE,PE32 1HS,WebShield,1/5/2018,1/5/2022,,
674,Mrs.,Aaliyah,Ashton,57 Manor Close,DOGMERSFIELD,RG27 4ES,TotalShield,1/5/2018,1/5/2022,,
675,Dr.,Emma,Lowe,39 Crown Street,LONDON,SW15 4LD,TotalShield,13/12/2020,13/12/2021,,
676,Mr.,Connor,Whittaker,80 Walden Road,GREEN STREET,WD6 7YE,TotalShield,1/5/2018,1/5/2022,,
677,Ms.,Isabelle,Connolly,48 Exning Road,HARDWICK,NR15 9WL,TotalShield,23/02/2019,23/02/2022,,
678,Mrs.,Courtney,Quinn,76 Seafield Place,FORMBY,L37 5XJ,Free,1/5/2018,,,
679,Mr.,Hayden,Naylor,76 Thames Street,BOLTON PERCY,YO5 4UE,Free,1/5/2018,,,
680,Mr.,Kian,McKenzie,72 Guildry Street,GALSTON,KA4 2XH,PremierShield,25/01/2020,25/01/2023,,
681,Mr.,Freddie,Walters,6 Park Avenue,LEALT,IV51 0JE,Free,1/5/2018,,,
682,Mr.,Alex,Parkin,12 Baldock Street,NEWTOWN,SY4 2LP,WebShield,6/2/2020,6/2/2022,,
683,Mr.,Leo,George,39 Bishopgate Street,SCRUTON,DL7 1YX,Free,1/5/2018,,,
684,Dr.,Eleanor,Carr,72 Balsham Road,HARTHILL,S31 7DA,Free,1/5/2018,,,
685,Mrs.,Charlie,Baxter,21 Ploughley Rd,TINTWISTLE,SK14 0NN,Free,1/5/2018,,,
686,Dr.,Kian,Faulkner,27 Stone St,CRANSFORD,IP13 7FL,WebShield,27/06/2019,27/06/2022,,
687,Mr.,Tyler,Skinner,71 Nenthead Road,HIGH LORTON,CA13 8BB,TotalShield,1/5/2018,1/5/2022,,
688,Mrs.,Kate,Rose,9 Ockham Road,EAST WEMYSS,KY1 9ZP,WebShield,1/5/2018,1/5/2022,,
689,Mr.,Matthew,Day,80 Helland Bridge,UPPER ARNCOTT,OX6 3AR,Free,1/5/2018,,,
690,Dr.,Tia,Hughes,17 Harrogate Road,RUSTINGTON,BN16 4UQ,Free,1/5/2018,,,
691,Mr.,Jay,Rees,88 Bouverie Road,WESTON JONES,TF10 5HY,Free,1/5/2018,,,
692,Mr.,Lewis,French,94 Prestwick Road,INTAKE,S12 6UH,PremierShield,16/02/2019,16/02/2023,,
693,Mr.,Edward,Parsons,3 Grenoble Road,BRICKLEHAMPTON,WR10 5QT,PremierShield,7/10/2018,7/10/2021,,
694,Mr.,Kieran,Woods,11 Victoria Road,LITTLE BADDOW,CM3 8UZ,TotalShield,21/07/2019,21/07/2021,,
695,Ms.,Chloe,Simmons,31 Broad Street,LOXWOOD,RH14 7EL,Free,1/5/2018,,,
696,Dr.,Isabelle,Cartwright,65 Stroude Road,SILVER END,CM8 5PH,WebShield,1/5/2018,1/5/2022,,
697,Mr.,Alfie,White,94 Wenlock Terrace,PETTY,AB53 0HR,WebShield,21/03/2020,21/03/2023,,
698,Ms.,Scarlett,Lucas,65 Chapel Lane,ARINACRINACHD,IV54 4TU,TotalShield,1/5/2018,1/5/2022,,
699,Mr.,Harley,Fletcher,61 Wrexham Rd,FAIRLOP WATERS,IG2 6WD,PremierShield,7/9/2020,7/9/2023,,
700,Mr.,Freddie,Lane,11 Sloe Lane,CRWBIN,SA17 1HE,Free,1/5/2018,,,
701,Mr.,James,Pearce,73 Iffley Road,BRITWELL SALOME,OX9 0BJ,WebShield,14/04/2019,14/04/2022,,
702,Mrs.,Holly,Murray,24 Felix Lane,SHOTESHAM,NR15 8QZ,WebShield,5/11/2019,5/11/2021,,
703,Mr.,Aidan,West,16 Fulford Road,PENRHOS,NP5 7NQ,TotalShield,6/11/2020,6/11/2021,,
704,Mrs.,Caitlin,Blake,78 Buckingham Rd,THORPE HALL,YO6 4WB,Free,1/5/2018,,,
705,Ms.,Niamh,Barnett,41 Witney Way,KIRKTON OF SKENE,AB32 7UX,Free,1/5/2018,,,
706,Mr.,Lucas,Moore,76 Folkestone Road,WINSTER,DE4 1LS,Free,1/5/2018,,,
707,Dr.,Ella,Preston,67 Argyll Street,STAINTON,DL11 8AB,Free,1/5/2018,,,
708,Mr.,Isaac,Walsh,60 Rhosddu Rd,FFAIR-RHOS,SY25 8FA,WebShield,14/10/2020,14/10/2022,,
709,Mr.,Daniel,Naylor,16 City Walls Rd,CLIPSTONE,NG21 3ES,WebShield,29/07/2019,29/07/2022,,
710,Mr.,Jonathan,Dickinson,46 South Crescent,MAESBURY MARSH,SY10 4TW,Free,1/5/2018,,,
711,Ms.,Morgan,Parkinson,14 Boroughbridge Road,BISHOPSTONE,SP5 2NJ,Free,1/5/2018,,,
712,Mr.,Elliot,Thornton,36 Union Terrace,LOCHUSSIE,IV7 4PP,WebShield,20/12/2020,20/12/2022,,
713,Mr.,Leo,Leach,81 Tonbridge Rd,COOKBURY,EX22 1LB,WebShield,3/3/2020,3/3/2022,,
714,Mr.,Joshua,Phillips,44 Caxton Place,CADBURY,EX5 0XL,Free,1/5/2018,,,
715,Mr.,Ellis,O'Donnell,22 High St,THREE MILE CROSS,RG7 6QF,TotalShield,20/07/2020,20/07/2023,,
716,Mr.,William,Gough,50 North Road,NETHERMILL,DG1 4LN,TotalShield,7/4/2020,7/4/2023,,
717,Mrs.,Ellie,O'Brien,34 Withers Close,ALLALEIGH,TQ9 5UB,WebShield,1/5/2018,1/5/2022,,
718,Ms.,Kayleigh,Lawrence,31 Huntly Street,BARLINGS,LN3 7EQ,Free,1/5/2018,,,
719,Ms.,Alice,Newton,18 Nottingham Rd,ABERLEMNO,DD8 1SA,PremierShield,22/12/2019,22/12/2022,,
720,Ms.,Jodie,Baker,88 Old Chapel Road,GEARACH,PA48 7QD,PremierShield,19/04/2020,19/04/2022,,
721,Ms.,Zara,Grant,49 Spilman Street,GOUDHURST,TN17 4YD,Free,1/5/2018,,,
722,Mrs.,Francesca,Gardner,75 Russell Rd,SHINCLIFFE,DH1 5WB,WebShield,23/05/2019,23/05/2022,,
723,Ms.,Harriet,Taylor,54 Davids Lane,STROUD COMMON,GU5 3XY,Free,1/5/2018,,,
724,Mrs.,Erin,Dodd,37 Roman Rd,LEE BROCKHURST,SY4 6AF,Free,1/5/2018,,,
725,Mrs.,Summer,Ingram,46 Wrexham Rd,FAILAND,BS8 0PX,WebShield,1/5/2018,1/5/2022,,
726,Mrs.,Charlie,Wilkins,72 Hexham Road,ITCHEN ABBAS,SO21 7NN,TotalShield,1/5/2018,1/5/2022,,
727,Mr.,Ellis,Heath,14 Worthy Lane,MATHON,WR13 0EU,Free,1/5/2018,,,
728,Mr.,Evan,Warner,13 Foregate Street,CODSALL,WV8 7QB,WebShield,18/05/2019,18/05/2022,,
729,Mrs.,Naomi,Bruce,36 Merthyr Road,BURITON,GU31 2JN,WebShield,23/07/2019,23/07/2022,,
730,Mrs.,Mollie,King,73 Wressle Road,PLESHEY,CM3 6DD,Free,1/5/2018,,,
731,Mr.,Jamie,James,15 Boroughbridge Road,BIRTLEY,SY7 8EG,Free,1/5/2018,,,
732,Ms.,Katie,Potter,95 Whitby Road,DENTON,OX44 5ER,PremierShield,21/09/2019,21/09/2022,,
733,Mr.,Thomas,Parry,92 Wern Ddu Lane,LUNDERTON,AB42 6ZP,WebShield,16/12/2020,16/12/2023,,
734,Ms.,Megan,Dixon,26 Bishopgate Street,SCROOBY,DN10 9WN,WebShield,15/10/2019,15/10/2022,,
735,Ms.,Isabel,Coles,77 Park Row,EDINTORE,AB55 7NQ,WebShield,24/02/2019,24/02/2022,,
736,Ms.,Gracie,Cross,64 Newport Road,CARNOCH,IV12 7SY,Free,1/5/2018,,,
737,Mr.,Aaron,Mills,44 Duckpit Lane,UPPERTHONG,HD7 7HG,Free,1/5/2018,,,
738,Mr.,Corey,Haynes,60 Ilchester Road,MUCKLETON,TF6 7LJ,PremierShield,1/5/2018,1/5/2022,,
739,Mrs.,Imogen,Knight,75 Monks Way,TORE,IV6 5BS,Free,1/5/2018,,,
740,Ms.,Hollie,Harding,54 Park Avenue,LAYTHAM,YO42 1FG,Free,1/5/2018,,,
741,Mrs.,Amelie,Bentley,66 Walden Road,GREENFIELD,RG9 7HB,WebShield,28/11/2018,28/11/2021,,
742,Mr.,Samuel,Thorpe,11 Overton Circle,LIVERTON,TS13 0YU,WebShield,9/11/2019,9/11/2022,,
743,Mr.,Charles,Read,50 Grey Street,KETTLESHULME,SK12 1TL,WebShield,25/02/2019,25/02/2022,,
744,Mr.,Reece,Fowler,18 Moulton Road,HACKTHORPE,CA10 9FT,Free,1/5/2018,,,
745,Ms.,Rachel,Storey,72 Fulford Road,PENTIRE,TR7 4EW,Free,1/5/2018,,,
746,Ms.,Ava,Parry,22 Foregate Street,CLYST ST MARY,EX5 2NU,TotalShield,15/10/2019,15/10/2021,,
747,Mr.,Ethan,Hope,72 Annfield Rd,BEDMOND,WD5 4HP,WebShield,30/12/2019,30/12/2021,,
748,Mr.,Logan,Naylor,29 Withers Close,ALKMONTON,DE6 5YG,TotalShield,10/11/2018,10/11/2022,,
749,Mr.,Ben,Kirk,22 Stroud Rd,OAKLEY,KY12 2PU,Free,1/5/2018,,,
750,Mr.,Archie,Hayward,52 Nenthead Road,HIGHER CHERITON,EX14 1TU,WebShield,1/5/2018,1/5/2022,,
751,Mrs.,Rebecca,French,62 Holburn Lane,HEDNESFORD,WS12 1PE,WebShield,29/07/2020,29/07/2023,,
752,Mr.,Dominic,Howarth,17 New Dover Rd,WAINFLEET ALL SAINTS,PE24 0BT,Free,1/5/2018,,,
753,Mr.,Isaac,Powell,86 City Walls Rd,CLOUNLAID,PA34 9BS,Free,1/5/2018,,,
754,Ms.,Poppy,Charlton,78 Victoria Road,LITTLE BARRINGTON,OX18 3HN,Free,1/5/2018,,,
755,Ms.,Mollie,Mistry,65 Ash Lane,YERBESTON,SA68 4FN,Free,1/5/2018,,,
756,Ms.,Sofia,Kennedy,38 Terrick Rd,ELAN VILLAGE,LD1 2RQ,WebShield,29/01/2019,29/01/2023,,
757,Mr.,Toby,Howell,54 Kent Street,CROSS INN,SY23 1JS,WebShield,9/8/2020,9/8/2021,,
758,Mr.,Sebastian,McCarthy,71 Caradon Hill,UIG,IV55 4TY,WebShield,23/03/2018,23/03/2023,,
759,Ms.,Rebecca,Anderson,27 Glandovey Terrace,TRELLECK GRANGE,NP6 6WB,TotalShield,20/08/2020,20/08/2021,,
760,Mr.,Sam,Booth,93 Colorado Way,RHYD-Y-FOEL,LL22 4ZF,TotalShield,14/06/2018,14/06/2021,,
761,Ms.,Alicia,Henderson,99 Greyfriars Road,CANTRAYWOOD,IV1 2WZ,Free,1/5/2018,,,
762,Mrs.,Laura,Kirby,57 Wern Ddu Lane,LYDDEN,CT15 4YN,Free,1/5/2018,,,
763,Mr.,Hayden,Cook,29 Bouverie Road,WESTON CORBETT,RG25 9AS,WebShield,8/1/2021,8/1/2023,,
764,Ms.,Keira,Sheppard,53 Dunmow Road,GRIZEDALE,LA22 2JS,Free,1/5/2018,,,
765,Mr.,Alexander,Harding,6 Clasper Way,HESKIN GREEN,PR7 5QA,Free,1/5/2018,,,
766,Ms.,Zoe,Davison,53 East Street,MARISTOW,PL6 5BJ,Free,1/5/2018,,,
767,Mrs.,Victoria,Warren,75 Southern Way,NORTH RESTON,LN11 9BA,Free,1/5/2018,,,
768,Ms.,Elise,Kennedy,11 Mill Lane,COSTESSEY,NR8 6DL,PremierShield,1/5/2018,1/5/2022,,
769,Mrs.,Shannon,Hunt,42 Bridge Street,GOLSPIE,KW10 5XW,Free,1/5/2018,,,
770,Ms.,Demi,Talbot,75 Ross Road,MARTIN,SP6 9XD,WebShield,1/5/2018,1/5/2022,,
771,Ms.,Danielle,Law,12 Ash Lane,YOUNG'S END,CM3 6JR,WebShield,1/5/2018,1/5/2022,,
772,Mrs.,Katie,Horton,39 Brackley Road,TIDEBROOK,TN5 0GD,TotalShield,22/03/2020,22/03/2022,,
773,Mr.,Sean,King,23 Nenthead Road,HIGHER KINGCOMBE,DT2 9WH,TotalShield,19/01/2019,19/01/2022,,
774,Mrs.,Madeleine,Storey,41 Traill Street,RORA,AB42 4XY,Free,1/5/2018,,,
775,Ms.,Zoe,Scott,83 Main St,ABINGWORTH,RH20 6YA,TotalShield,8/6/2019,8/9/2021,,
776,Mr.,Leo,Summers,26 Abingdon Road,BRATHENS,AB31 7UR,WebShield,1/5/2018,1/5/2022,,
777,Mrs.,Shannon,Lawson,32 Balsham Road,HARSTON,CB2 1GY,Free,1/5/2018,,,
778,Ms.,Georgia,Heath,36 Long Street,MILLHOLME,LA8 8JP,WebShield,29/12/2019,29/12/2022,,
779,Mr.,Harley,Reynolds,83 Whitchurch Road,ELTON,TS21 6GT,WebShield,7/4/2018,7/4/2022,,
780,Mr.,Luca,Wells,14 Broad Street,LOWER WHITLEY,WA4 3ZP,WebShield,22/12/2019,22/12/2021,,
781,Mr.,Max,Bowen,89 Lamphey Road,THIMBLEBY,DL6 9GE,TotalShield,6/7/2020,6/7/2022,,
782,Mr.,Cameron,Mahmood,90 Redcliffe Way,WOOLLAND,DT11 9YB,WebShield,22/12/2020,22/12/2023,,
783,Ms.,Maya,Berry,7 South Crescent,LYTHES,KW17 8BQ,WebShield,11/5/2019,11/5/2022,,
784,Mr.,Harvey,Morrison,53 Chapel Lane,ARMINGHALL,NR14 0QY,WebShield,1/5/2018,1/5/2022,,
785,Mr.,Louie,Burrows,31 Fordham Rd,HALEWOOD,L26 3GD,TotalShield,1/5/2018,1/5/2022,,
786,Mr.,Bailey,Davidson,40 Simone Weil Avenue,WEASENHAM ALL SAINTS,PE32 0SG,Free,1/5/2018,,,
787,Mr.,Jonathan,Brown,35 Ermin Street,WYMONDHAM,LE14 6GD,WebShield,1/5/2018,1/5/2022,,
788,Mr.,Scott,Stokes,94 Holburn Lane,HELMSLEY SPROXTON,YO62 7SR,TotalShield,30/01/2020,30/01/2023,,
789,Mr.,Ethan,Doherty,93 Maidstone Road,WELWICK,HU12 0HR,Free,1/5/2018,,,
790,Ms.,Hollie,Elliott,27 Park End St,BROCKLESBY,DN37 8EF,Free,1/5/2018,,,
791,Mr.,Rhys,Hilton,94 Circle Way,CADE STREET,TN21 8BB,WebShield,1/5/2018,1/5/2022,,
792,Mrs.,Jodie,West,52 Hexham Road,IPSTONES,ST10 1LX,Free,1/5/2018,,,
793,Mr.,Taylor,Cooke,52 High Street,ASHMANHAUGH,NR12 5JZ,WebShield,1/5/2018,1/5/2022,,
794,Ms.,Chloe,Barrett,36 Guildford Rd,EAST LAMBROOK,TA13 8WJ,Free,1/5/2018,,,
795,Mr.,Patrick,Oliver,5 Church Way,BRAISHFIELD,SO51 8ZW,Free,1/5/2018,,,
796,Mr.,Finley,Mann,67 Rhosddu Rd,FFYNNONGROYW,CH8 5DX,WebShield,30/05/2020,30/05/2022,,
797,Mr.,Connor,Carroll,83 Bootham Crescent,RISBY,IP28 0AZ,Free,1/5/2018,,,
798,Mr.,Reece,Long,28 York Road,OXTED,RH8 0BP,Free,1/5/2018,,,
799,Mrs.,Madeleine,Reynolds,33 Seafield Street,LLAWR-Y-DREF,LL53 6PE,PremierShield,16/10/2018,16/10/2021,,
800,Mr.,Jayden,Hall,29 Lairg Road,NEWBOLD VERDON,LE9 5HW,TotalShield,1/5/2018,1/5/2022,,
801,Mr.,Bradley,Barnes,57 Ballifeary Road,BALLIMORE,PA21 4LG,PremierShield,24/08/2020,24/08/2022,,
802,Ms.,Chloe,Coleman,51 Graham Road,CHESHAM BOIS,HP6 9DU,TotalShield,29/05/2020,29/05/2022,,
803,Mrs.,Sienna,Rahman,3 Tonbridge Rd,COOKSTON,AB41 7YU,WebShield,29/01/2020,29/01/2022,,
804,Mrs.,Charlotte,Farmer,12 Nenthead Road,HIGHAM,IP28 4AY,WebShield,1/5/2018,1/5/2022,,
805,Mr.,Henry,Kaur,2 City Walls Rd,CLIPSTON,LE16 4YR,TotalShield,1/10/2020,1/10/2021,,
806,Ms.,Courtney,Phillips,62 Uxbridge Road,SKULLOMIE,IV27 8TZ,WebShield,1/5/2018,1/5/2022,,
807,Ms.,Abigail,Wilkinson,55 Grey Street,KEY GREEN,CW12 6NU,TotalShield,8/9/2020,8/9/2022,,
808,Ms.,Eleanor,Cartwright,92 Hudson St,DUNFIELD,GL7 0RX,PremierShield,23/06/2020,23/06/2023,,
809,Mr.,Liam,Cunningham,65 Sloe Lane,CRYMYCH,SA41 9AS,WebShield,30/04/2019,30/04/2022,,
810,Mr.,Cameron,Stewart,99 Argyll Street,STABLEFORD,ST5 8EY,Free,1/5/2018,,,
811,Mr.,Ryan,Baldwin,4 St Andrews Lane,DALBALLOCH,PH20 2GN,Free,1/5/2018,,,
812,Mr.,Declan,Warren,4 Terrick Rd,ELMORE,GL2 8SD,TotalShield,10/3/2020,10/3/2023,,
813,Mrs.,Sophie,Horton,32 Argyll Street,STANBRIDGE,LU7 4LB,WebShield,2/11/2018,2/11/2021,,
814,Mr.,Elliot,Burgess,76 Southern Way,NORTH RESTON,LN11 7BB,WebShield,1/5/2018,1/5/2022,,
815,Mr.,Louis,Miller,5 Academy Street,BERWICK ST JOHN,SP7 7HJ,TotalShield,1/5/2018,1/5/2022,,
816,Mr.,Alex,Arnold,10 Hexham Road,INWORTH,CO5 6UD,Free,1/5/2018,,,
817,Mrs.,Katie,Davis,40 North Promenade,DONNINGTON,PO20 1TZ,TotalShield,6/7/2020,6/7/2021,,
818,Mr.,Corey,Storey,47 Abingdon Road,BRAMPTON,CA16 5NP,TotalShield,1/5/2018,1/5/2022,,
819,Mr.,Dominic,Clark,18 Thornton St,HUNTINGTOWER,PH1 3ZN,WebShield,7/9/2019,7/9/2022,,
820,Mrs.,Morgan,Cameron,76 Pendwyallt Road,BURTON COGGLES,NG33 3JF,WebShield,3/7/2020,3/7/2022,,
821,Mr.,Ethan,Pickering,11 Holgate Rd,RAHOY,PA34 8WT,PremierShield,21/01/2021,21/01/2024,,
822,Dr.,Henry,Hobbs,3 Witney Way,KNIGHTON,LE2 6LF,WebShield,28/03/2019,28/03/2022,,
823,Ms.,Alisha,Freeman,67 Wenlock Terrace,PERRANUTHNOE,TR20 8TX,Free,1/5/2018,,,
824,Mr.,Nicholas,Randall,77 Prestwick Road,INNERMESSAN,DG9 6ZT,Free,1/5/2018,,,
825,Mrs.,Lilly,Norman,7 Shore Street,STOKE ON TERN,TF9 6DL,TotalShield,15/02/2019,15/02/2022,,
826,Mrs.,Elise,Reeves,84 Abingdon Road,BRAMPFORD SPEKE,EX5 6LW,Free,1/5/2018,,,
827,Ms.,Holly,Porter,90 Guild Street,LONDON,E9 4EE,Free,1/5/2018,,,
828,Mr.,Max,Wyatt,49 Caradon Hill,UIG,IV55 2TD,Free,1/5/2018,,,
829,Mr.,Luke,Potts,68 Rhosddu Rd,FIELD BROUGHTON,LA11 5EG,Free,1/5/2018,,,
830,Ms.,Kate,Leonard,31 Hampton Court Rd,SOUTHWAITE,CA4 7FU,WebShield,1/5/2018,1/5/2022,,
831,Mr.,Michael,Bond,83 Park End St,BROMLEY COMMON,BR2 4PA,PremierShield,20/09/2018,20/09/2021,,
832,Mr.,Zachary,Pratt,50 Newgate Street,KECKWICK,WA4 4GZ,WebShield,1/5/2018,1/5/2022,,
833,Ms.,Alicia,Haynes,47 St Andrews Lane,CWMAFAN,SA12 3FT,TotalShield,24/08/2020,24/08/2022,,
834,Mr.,Tom,Wilkins,89 Worthy Lane,MARYPARK,AB37 6QH,PremierShield,1/5/2018,1/5/2022,,
835,Mr.,Isaac,Lawrence,56 Bath Rd,WOODCROFT,NP6 0HN,TotalShield,1/5/2018,1/5/2022,,
836,Mr.,Ewan,Owen,62 Fordham Rd,HALEWOOD,L26 3US,TotalShield,1/5/2018,1/5/2022,,
837,Mrs.,Amelia,Carr,30 Harrogate Road,RYDE,PO33 6TL,Free,1/5/2018,,,
838,Mr.,Sean,Schofield,36 Foregate Street,COACHFORD,AB54 2AG,Free,1/5/2018,,,
839,Ms.,Charlotte,Holloway,67 Ploughley Rd,TOLLESBURY,CM9 1GS,WebShield,11/2/2020,11/2/2022,,
840,Mrs.,Rosie,Morley,88 Annfield Rd,BEAL,DN14 6FD,TotalShield,1/5/2018,1/5/2022,,
841,Mr.,Henry,Wyatt,5 Newmarket Road,HEADLAM,DL2 0BE,WebShield,1/12/2019,1/12/2021,,
842,Mr.,Kyle,Carroll,3 Graham Road,CHEAPSIDE,SL5 4EL,WebShield,1/5/2018,1/5/2022,,
843,Mr.,Muhammad,Atkins,5 Southern Way,NORTH OAKLEY,RG26 1PY,WebShield,9/5/2019,9/5/2022,,
844,Mr.,Patrick,Hardy,22 Baldock Street,NEWTON LONGVILLE,MK17 2XR,WebShield,8/1/2020,8/1/2022,,
845,Mr.,Oliver,Townsend,82 Warren St,WEST GRIMSTEAD,SP5 9ZW,WebShield,27/08/2020,27/08/2023,,
846,Mrs.,Niamh,Hale,74 Traill Street,ROSLIN,EH25 9GW,TotalShield,1/5/2018,1/5/2022,,
847,Mrs.,Elise,Burns,76 Cefn Road,FANGFOSS,YO4 9BE,WebShield,4/8/2020,4/8/2021,,
848,Ms.,Olivia,Ross,24 Folkestone Road,WINCANTON,BA9 9QQ,Free,1/5/2018,,,
849,Mrs.,Zoe,Noble,26 South Street,MONTGOMERY,SY15 5UP,WebShield,1/5/2018,1/5/2022,,
850,Dr.,Harry,Robertson,27 Main Road,AUCHNAHA,PA21 6YY,PremierShield,15/11/2020,15/11/2023,,
851,Mrs.,Abby,Waters,67 Crown Street,LONG DOWNS,TR10 8TU,Free,1/5/2018,,,
852,Mr.,Charlie,Grant,59 Cunnery Rd,MAIL,ZE2 4DQ,WebShield,8/8/2020,8/8/2023,,
853,Mr.,Daniel,Horton,16 Petworth Rd,DUNTOCHER,G81 9XS,PremierShield,8/1/2019,8/1/2023,,
854,Mr.,Andrew,Wyatt,25 Fosse Way,ARDMINISH,PA41 2NN,WebShield,22/06/2020,22/06/2022,,
855,Mr.,Ben,Elliott,33 Graham Road,CHERINGTON,CV36 5RE,PremierShield,1/5/2018,1/5/2022,,
856,Mr.,Mason,Brennan,74 St Maurices Road,PRIOR MUIR,KY16 8TT,TotalShield,23/05/2019,23/05/2022,,
857,Mr.,Jordan,Walton,99 Telford Street,BARASSIE,KA10 2RP,PremierShield,16/12/2020,16/12/2023,,
858,Mr.,Jack,Peters,71 Hampton Court Rd,SPAUNTON,YO6 4QW,Free,1/5/2018,,,
859,Ms.,Alicia,Rhodes,55 Horsefair Green,OLDTOWN OF AIGAS,IV4 7XF,WebShield,1/5/2018,1/5/2022,,
860,Ms.,Maddison,Hale,28 St Denys Road,POULTON,GL7 5WJ,WebShield,5/3/2020,5/3/2022,,
861,Mr.,Liam,Storey,53 Pendwyallt Road,BURTONWOOD,WA5 4LA,WebShield,27/08/2020,27/08/2021,,
862,Mr.,Michael,Harding,27 Scotsburn Rd,TADDEN,BH21 9PJ,PremierShield,9/12/2018,9/12/2021,,
863,Mr.,Harrison,Coles,51 Town Lane,SOUTH HUISH,TQ7 4BD,TotalShield,30/09/2020,30/09/2022,,
864,Mr.,Leo,Mahmood,45 Bury Rd,HAMBLEDEN,RG9 4BL,WebShield,10/2/2018,10/2/2022,,
865,Ms.,Chelsea,Wilson,69 Hertingfordbury Rd,NEWTON,KW1 9FD,WebShield,1/5/2018,1/5/2022,,
866,Mr.,Tyler,Nash,46 Colorado Way,RHOS-Y-LLAN,LL53 7SG,Free,1/5/2018,,,
867,Mrs.,Jodie,Ford,36 Scotsburn Rd,TALERDDIG,SY19 8XH,TotalShield,17/01/2021,17/01/2023,,
868,Ms.,Morgan,Preston,49 Well Lane,PARROG,SA42 7WF,Free,1/5/2018,,,
869,Mrs.,Caitlin,George,48 Buckingham Rd,THORNBURY,EX22 7PL,PremierShield,20/05/2019,20/05/2022,,
870,Mrs.,Amelia,Metcalfe,82 Rhosddu Rd,FINSTALL,B60 0RH,TotalShield,19/08/2019,19/08/2022,,
871,Mrs.,Rachel,Fraser,47 Park Place,CASTLE EATON,SN6 4PP,WebShield,6/7/2018,6/7/2021,,
872,Mrs.,Naomi,Rice,88 Dover Road,WEST WICK,BS24 1UD,Free,1/5/2018,,,
873,Ms.,Natasha,Hunt,46 Scrimshire Lane,ASHURSTWOOD,RH18 8QZ,Free,1/5/2018,,,
874,Mrs.,Elizabeth,Ryan,48 South Western Terrace,MILTON,OX14 0LD,TotalShield,19/11/2020,19/11/2022,,
875,Mr.,Patrick,Houghton,79 Wrexham Rd,EWDEN VILLAGE,S30 1PN,WebShield,4/11/2018,4/11/2021,,
876,Mr.,Sebastian,Fry,92 Kingsway North,HOLLINS GREEN,WA3 3RY,WebShield,8/2/2020,8/2/2023,,
877,Mr.,Hayden,Humphreys,92 St Denys Road,POTSGROVE,MK17 9FZ,Free,1/5/2018,,,
878,Dr.,Archie,Hughes,19 Boar Lane,SEQUER'S BRIDGE,PL21 0BT,Free,1/5/2018,,,
879,Ms.,Lauren,White,65 Winchester Rd,MEYSEY HAMPTON,GL7 3YE,TotalShield,1/5/2018,1/5/2022,,
880,Mr.,Samuel,Wall,32 Caxton Place,BUTLERS MARSTON,CV35 3FS,WebShield,1/5/2018,1/5/2022,,
881,Ms.,Evie,Rahman,93 Boughton Rd,WHITWELL,SG4 9BX,Free,1/5/2018,,,
882,Mr.,Sam,Howe,95 Layburn Court,TOWN GREEN,L39 2BE,Free,1/5/2018,,,
883,Mrs.,Kiera,Wilson,58 Walwyn Rd,CHAPMAN'S WELL,PL15 5PL,PremierShield,1/5/2018,1/5/2022,,
884,Mr.,Charles,Palmer,90 Neville Street,HUXTER,ZE2 0BW,Free,1/5/2018,,,
885,Mr.,Jude,Noble,2 Sloe Lane,CROWDHILL,SO50 0PP,WebShield,3/11/2020,3/11/2021,,
886,Ms.,Hollie,Arnold,64 Gloddaeth Street,BILBROUGH,YO23 1XQ,TotalShield,1/5/2018,1/5/2022,,
887,Ms.,Ruby,Bird,1 Roker Terrace,LARTINGTON,DL12 7NX,Free,1/5/2018,,,
888,Mr.,Owen,Davidson,40 Castledore Road,TURNWORTH,DT11 2JX,Free,1/5/2018,,,
889,Mr.,Declan,Smith,30 Lammas Street,GREAT ALNE,B49 6EF,TotalShield,25/01/2019,25/01/2022,,
890,Ms.,Ella,Schofield,28 Rowland Rd,ORCHARD,PA23 8BE,WebShield,1/5/2018,1/5/2022,,
891,Mrs.,Holly,Field,99 Thompsons Lane,MELVERLEY GREEN,SY22 8PS,TotalShield,10/9/2019,10/9/2022,,
892,Mrs.,Faith,Hardy,5 St Andrews Lane,DALE PARK,BN18 6HS,WebShield,16/05/2020,16/05/2022,,
893,Ms.,Niamh,Watkins,97 St Omers Road,HINTON WALDRIST,SN7 6HN,Free,1/5/2018,,,
894,Mr.,Alex,Parkin,24 Eastbourne Rd,COLGRAIN,G82 5UP,Free,1/5/2018,,,
895,Mr.,Daniel,Brooks,47 Friar Street,CLAVERHAM,BS19 8DT,WebShield,1/5/2018,1/5/2022,,
896,Ms.,Abby,Russell,18 Malcolm Rd,LLANFYRNACH,SA35 7DP,TotalShield,14/03/2020,14/03/2022,,
897,Mr.,Gabriel,Cole,72 Great North Road,ALSWEAR,EX36 3LL,PremierShield,1/5/2018,1/5/2022,,
898,Dr.,Luca,Ellis,65 Princes Street,ROCHESTER,NE19 1UD,Free,1/5/2018,,,
899,Ms.,Rebecca,Brookes,65 Horsefair Green,OLIVER'S BATTERY,SO22 8YT,WebShield,10/3/2020,10/3/2023,,
900,Mr.,Billy,Wilson,40 Whatlington Road,COURTSEND,SS3 4RP,WebShield,14/04/2019,14/04/2022,,
901,Ms.,Morgan,Edwards,94 Ash Lane,YOCKLETON,SY5 5NS,TotalShield,17/10/2019,17/10/2021,,
902,Mr.,Riley,Saunders,74 St James Boulevard,HORNCASTLE,LN9 6XA,PremierShield,12/11/2018,12/11/2021,,
903,Dr.,Faith,Craig,97 Trinity Crescent,WHIGSTREET,DD8 5TD,Free,1/5/2018,,,
904,Ms.,Summer,Bentley,18 Southend Avenue,BLACK NOTLEY,CM7 6JU,TotalShield,22/03/2019,22/03/2023,,
905,Ms.,Bethany,Miles,99 Stone Cellar Road,KINLOCHEIL,PH33 2PA,Free,1/5/2018,,,
906,Mr.,Bailey,Goddard,35 Clasper Way,HERRING'S GREEN,MK45 0AT,WebShield,1/5/2018,1/5/2022,,
907,Mr.,Harley,Patel,69 Newport Road,CARLETON FOREHOE,NR9 2US,WebShield,7/5/2020,7/5/2022,,
908,Mr.,Morgan,Holmes,3 High St,THURGOLAND,S30 2HF,Free,1/5/2018,,,
909,Mr.,Robert,Adams,19 Felix Lane,SHOLDEN,CT14 3JR,PremierShield,5/2/2018,5/2/2022,,
910,Mr.,Patrick,Rose,28 Princes Street,ROADWATER,TA23 0XU,Free,1/5/2018,,,
911,Mrs.,Madison,Alexander,35 Hart Road,NORTHHOUSE,TD9 1HX,WebShield,9/7/2019,9/7/2021,,
912,Mrs.,Charlie,Elliott,59 Hampton Court Rd,SOUTHREY,LN3 5PY,TotalShield,13/10/2019,13/10/2022,,
913,Mr.,Spencer,Hayes,1 Great North Road,AMPTHILL,MK45 5LR,Free,1/5/2018,,,
914,Mr.,Tyler,Atkinson,29 Long Street,MILDENHALL,SN8 2TA,WebShield,10/1/2020,10/1/2023,,
915,Mr.,Harley,Whitehead,30 Hertingfordbury Rd,NEWPORT,CB11 9TU,Free,1/5/2018,,,
916,Mr.,Gabriel,Woods,92 Lincoln Green Lane,CHOLSTREY,HR6 3ST,WebShield,7/10/2020,7/10/2021,,
917,Ms.,Alice,Steele,46 Overton Circle,LITTON,SK17 7SQ,PremierShield,24/08/2020,24/08/2023,,
918,Ms.,Brooke,Norris,79 Cloch Rd,ST MARY IN THE MARSH,TN29 4UD,WebShield,1/5/2018,1/5/2022,,
919,Mrs.,Aimee,Day,94 Earls Avenue,WHITE LADIES ASTON,WR7 5UB,TotalShield,1/5/2018,1/5/2022,,
920,Mr.,Lucas,Harvey,31 Constitution St,LLANRHYSTUD,SY23 3JB,WebShield,8/3/2018,8/3/2023,,
921,Mrs.,Madison,Howells,52 St Denys Road,PORTNAHAVEN,PA47 3UX,WebShield,10/11/2018,10/11/2021,,
922,Mrs.,Skye,Walton,4 South Crescent,LYTHES,KW17 7RD,Free,1/5/2018,,,
923,Mrs.,Amelia,Gibbons,75 Jubilee Drive,CATTERLEN,CA11 4WX,WebShield,20/10/2019,20/10/2022,,
924,Ms.,Isabelle,Lord,53 Thornton St,HUNTINGDON,PE18 6GY,WebShield,18/07/2019,18/07/2022,,
925,Mr.,Aidan,Lawson,66 York Road,OVER STRATTON,TA13 5QW,Free,1/5/2018,,,
926,Mr.,Freddie,Cross,72 Ilchester Road,MUIRMILL,FK6 6SH,PremierShield,1/5/2018,1/5/2022,,
927,Mrs.,Mia,Watts,63 St Denys Road,PORTSWOOD,SO17 1ZW,WebShield,12/12/2018,12/12/2022,,
928,Mr.,Connor,Daly,69 Balsham Road,HARRINGTON,PE23 8NA,WebShield,30/03/2019,30/03/2022,,
929,Ms.,Tia,Vincent,42 Southern Way,NORTH DALTON,YO25 2ZG,WebShield,26/05/2019,26/05/2022,,
930,Mrs.,Isabel,West,51 York Road,OVINGTON,DL11 4YD,Free,1/5/2018,,,
931,Mr.,Callum,Whitehouse,6 Lamphey Road,THORGANBY,DN37 9ZL,Free,1/5/2018,,,
932,Mr.,Benjamin,Hall,52 Warren St,WEST CHARLETON,TQ7 4QX,Free,1/5/2018,,,
933,Mr.,Riley,Barry,63 Dunmow Road,GRIGGHALL,LA8 3HX,Free,1/5/2018,,,
934,Mrs.,Naomi,Porter,3 Fosse Way,ARDSCALPSIE,PA20 1YS,WebShield,1/5/2018,1/5/2022,,
935,Mr.,Mohammad,Reed,97 Botley Road,MIDDLEZOY,TA7 7WU,TotalShield,1/5/2018,1/5/2022,,
936,Mr.,Gabriel,Lee,74 Manor Way,GREAT RYTON,SY5 6RX,WebShield,1/5/2018,1/5/2022,,
937,Ms.,Isobel,Owens,2 Park Place,CASTLE FROME,HR8 2ZQ,WebShield,15/10/2020,15/10/2021,,
938,Mr.,Riley,Chan,82 Harehills Lane,ROWNHAMS,SO16 4BT,PremierShield,1/5/2018,1/5/2022,,
939,Mr.,Brandon,Bryant,55 Warner Close,HATTINGLEY,GU34 5BS,Free,1/5/2018,,,
940,Ms.,Chloe,Hancock,48 Quay Street,NELSON VILLAGE,NE23 4BE,Free,1/5/2018,,,
941,Dr.,Luca,Bishop,64 High Street,ASHTON,TR13 6BJ,Free,1/5/2018,,,
942,Mrs.,Lily,Norton,46 Lairg Road,NEWCOTT,EX14 2DZ,Free,1/5/2018,,,
943,Mr.,Anthony,Bates,60 Constitution St,LLANGIWG,SA8 4BF,TotalShield,24/06/2020,24/06/2023,,
944,Ms.,Amber,Metcalfe,98 Jesmond Rd,KILLINALLAN,PA44 8RZ,TotalShield,1/5/2018,1/5/2022,,
945,Mrs.,Eve,Porter,54 Sea Road,LANGENHOE,CO5 5FF,Free,1/5/2018,,,
946,Mr.,Ewan,Black,94 Rhosddu Rd,FINGLAND,DG13 8PS,WebShield,17/07/2020,17/07/2021,,
947,Mr.,Nicholas,Clark,64 Prestwick Road,INVERARISH,IV40 4PN,Free,1/5/2018,,,
948,Mrs.,Tilly,Cooper,37 Monks Way,TORE,IV6 6SN,Free,1/5/2018,,,
949,Mr.,Jonathan,Chadwick,30 Lincoln Green Lane,CHRISTCHURCH,BH23 2HH,WebShield,20/06/2020,20/06/2023,,
950,Ms.,Katie,Bryant,68 Bullwood Rd,SPRINGHOLM,DG7 1HU,WebShield,1/5/2018,1/5/2022,,
951,Mr.,Thomas,Perkins,26 Holgate Rd,RANOCHAN,PH38 2JT,Free,1/5/2018,,,
952,Mr.,Bailey,Rose,28 Exning Road,HARBRIDGE,BH24 4XE,Free,1/5/2018,,,
953,Mr.,Ethan,Thomas,5 Bury Rd,HALWILL JUNCTION,EX21 7UR,WebShield,25/02/2020,25/02/2022,,
954,Ms.,Tegan,Hunter,3 Pier Road,STAOINEBRIG,HS8 8BB,Free,1/5/2018,,,
955,Mrs.,Hannah,Vaughan,91 London Road,COMBE HAY,BA2 9TY,Free,1/5/2018,,,
956,Ms.,Holly,Hall,4 Brynglas Road,GLYN CEIRIOG,LL20 5JS,PremierShield,1/5/2018,1/5/2022,,
957,Ms.,Niamh,Singh,27 City Walls Rd,CLUNE,AB56 7LZ,TotalShield,20/06/2020,20/06/2022,,
958,Mr.,Rhys,Berry,13 Town Lane,SOUTH BALLOCH,KA26 4NW,Free,1/5/2018,,,
959,Mr.,Joseph,Hartley,44 Souterhead Road,LOUGHBOROUGH,LE11 2QD,WebShield,21/07/2019,21/07/2021,,
960,Mr.,Alexander,Gallagher,2 Marlborough Crescent,SOUTH PETHERTON,TA13 6NN,Free,1/5/2018,,,
961,Ms.,Amber,Watts,32 Uxbridge Road,SKILLINGTON,NG33 5JN,PremierShield,7/8/2019,7/8/2021,,
962,Mrs.,Lydia,Wallis,98 Maidstone Road,WERRINGTON,ST9 3XR,WebShield,1/5/2018,1/5/2022,,
963,Mrs.,Georgia,West,9 Wood Lane,BADMINTON,GL9 6GP,WebShield,1/5/2018,1/5/2022,,
964,Mr.,Finley,Chapman,57 Winchester Rd,MERRION,SA71 8YD,Free,1/5/2018,,,
965,Ms.,Leah,Roberts,31 Church Way,BRACKLEY,NN13 7GE,TotalShield,1/5/2018,1/5/2022,,
966,Mr.,Jude,Gregory,38 Shannon Way,CHILDWALL,L16 7SS,Free,1/5/2018,,,
967,Mr.,Jamie,Glover,2 Withers Close,ALL CANNINGS,SN10 9QE,Free,1/5/2018,,,
968,Mr.,Harley,Wilson,23 Hertingfordbury Rd,NEWPORT,TF10 5YE,TotalShield,1/5/2018,1/5/2022,,
969,Ms.,Erin,Bird,38 Crescent Avenue,DRY DRAYTON,CB3 9AW,TotalShield,14/09/2019,14/09/2021,,
970,Mr.,Morgan,Clarke,20 Seafield Street,LLANTEG,SA67 6JH,Free,1/5/2018,,,
971,Mr.,Scott,Stewart,78 Harrogate Road,RUMWELL,TA4 4EA,WebShield,1/5/2018,1/5/2022,,
972,Mrs.,Paige,Summers,21 St Maurices Road,PRESTWICK,NE20 8FW,Free,1/5/2018,,,
973,Ms.,Georgia,Howarth,94 Thompsons Lane,MELTON CONSTABLE,NR24 0DT,WebShield,1/5/2018,1/5/2022,,
974,Mrs.,Sarah,Buckley,83 Well Lane,PATTINGHAM,WV6 4SA,WebShield,1/5/2018,1/5/2022,,
975,Ms.,Tia,Mahmood,71 Crown Street,LONDON,SW1H 4AF,WebShield,27/05/2019,27/05/2022,,
976,Mr.,Joel,Ross,39 Kent Street,CROSSLANES,SY22 6UY,WebShield,21/05/2018,21/05/2022,,
977,Mrs.,Zara,Carr,21 Academy Street,BESFORD,SY4 2NG,WebShield,24/12/2020,24/12/2021,,
978,Mr.,Charlie,Doyle,6 Helland Bridge,UPHAMPTON,WR9 8RP,Free,1/5/2018,,,
979,Mr.,Freddie,Bevan,45 Berkeley Rd,STRETTON GRANDISON,HR8 3ES,Free,1/5/2018,,,
980,Dr.,George,Dobson,41 Bridge Street,GOODNESTONE,CT3 5WZ,WebShield,19/05/2019,19/05/2022,,
981,Ms.,Nicole,Allen,82 Buckingham Rd,THORNTON-LE-BEANS,DL6 2LU,TotalShield,1/5/2018,1/5/2022,,
982,Ms.,Tilly,Burns,62 London Road,COLSTON BASSETT,NG12 6DR,WebShield,26/12/2020,26/12/2022,,
983,Ms.,Lilly,Curtis,34 Leicester Road,AUNK,EX15 9QY,Free,1/5/2018,,,
984,Mr.,Harry,Benson,13 Golden Knowes Road,FREELAND,OX8 9YR,Free,1/5/2018,,,
985,Mr.,Leo,Mahmood,61 Manor Close,DIPPEN,PA28 6UD,Free,1/5/2018,,,
986,Mr.,Evan,Patterson,70 Hindhead Road,EARBY,BB8 8ZS,Free,1/5/2018,,,
987,Mr.,Logan,Haynes,18 Brackley Road,TIMBERSBROOK,CW12 2FA,Free,1/5/2018,,,
988,Mr.,Ellis,Little,64 Jubilee Drive,CAVERSHAM,RG4 2WX,TotalShield,1/5/2018,1/5/2022,,
989,Mrs.,Hannah,Craig,96 Merthyr Road,BURGESS HILL,RH15 5XR,WebShield,31/08/2019,31/08/2021,,
990,Mrs.,Freya,Whitehouse,33 Hindhead Road,EASINGTON,SR8 4ZU,PremierShield,13/04/2019,13/04/2022,,
991,Mr.,Finlay,Parker,34 Lincoln Green Lane,CHITTLEHAMPTON,EX37 4RL,Free,1/5/2018,,,
992,Mrs.,Lilly,Howells,61 Lammas Street,GREAT CANFIELD,CM6 2TR,Free,1/5/2018,,,
993,Ms.,Keira,Hyde,27 Broad Street,LOWER ODDINGTON,GL56 4HY,TotalShield,1/5/2018,1/5/2022,,
994,Mr.,John,Perkins,72 Argyll Street,STAIN,KW1 1LH,PremierShield,6/11/2020,6/11/2021,,
995,Mrs.,Charlotte,Henry,68 Dunmow Road,GRIMSBURY,OX16 2SN,Free,1/5/2018,,,
996,Mrs.,Katie,Warner,25 Tonbridge Rd,COOLHAM,RH13 2QL,TotalShield,16/08/2019,16/08/2021,,
997,Mrs.,Daisy,Boyle,16 Harehills Lane,ROW,LA8 5UL,WebShield,1/5/2018,1/5/2022,,
998,Mr.,Michael,Kerr,74 Broomfield Place,STONEYHILLS,CM0 3QR,WebShield,23/06/2019,23/06/2022,,
999,Mr.,Declan,Howell,37 Shore Street,STOCK LANE,SN8 1RZ,WebShield,1/12/2019,1/12/2021,,
1000,Mr.,Kian,Glover,93 Bootham Crescent,RISCA,NP1 4EY,WebShield,1/5/2018,1/5/2022,,
