Manufacturer,Model,Chipset,Socket,Memory,Slots,Price
Asut,Prime B350M-A,AME,AM4,DDR4,4,74.98
Asut,ROG RAMPAGE V EDITION 10,Intem,2011,DDR4,8,218.99
Asut,ROG STRIX B250H GAMING,Intem,1151,DDR4,4,103.22
Asut,ROG STRIX X299-E GAMING,Intem,2066,DDR4,8,106.98
Asut,Z10PE-D8 WS,Intem,2011,DDR4,8,
Asut,H87M-E,Intem,1150,DDR3,4,
Asut,H81M-CS,Intem,1150,DDR3,2,
Asut,H81M-A,Intem,1150,DDR3,2,
Asut,H81M-D,Intem,1150,DDR3,2,
Asut,H81M-D PLUS,Intem,1150,DDR3,2,
Asut,B85M-F,Intem,1150,DDR3,2,44.99
Asut,B85M-K,Intem,1150,DDR3,2,44.99
Asut,B85M-D,Intem,1150,DDR3,2,42.75
Asut,B85M-D PLUS,Intem,1150,DDR3,2,43.99
Asut,H81M-PLUS,Intem,1150,DDR3,2,44.99
Asut,H81M-V3,Intem,1150,DDR3,2,
Asut,H81M-K,Intem,1150,DDR3,2,
Asut,H81M-E,Intem,1150,DDR3,2,
Asut,P8Q77-M2,Intem,1150,DDR3,4,
Asut,Gryphon Z97,Intem,1150,DDR3,4,
Asut,B85M-E,Intem,1150,DDR3,4,
Asut,CS-B,Intem,1150,DDR3,4,
Asut,B85M-G PLUS,Intem,1150,DDR3,4,
Asut,B85M-G PLUS USB 3.1,Intem,1150,DDR3,4,
Asut,B85M-G,Intem,1150,DDR3,4,
Asut,H87M-PRO,Intem,1150,DDR3,4,
Asut,B85M-GAMER,Intem,1150,DDR3,4,
Asut,Maximus VII Gene,Intem,1150,DDR3,4,366.99
Asut,Z97M-PLUS,Intem,1150,DDR3,4,293.99
Asut,Z87M-PLUS,Intem,1150,DDR3,4,
Asut,Maximus VI Gene,Intem,1150,DDR3,4,
Asut,Gryphon Z87,Intem,1150,DDR3,4,
Asut,Vanguard B85,Intem,1150,DDR3,4,
Asut,H97M-E,Intem,1150,DDR3,4,
Asut,Q87T,Intem,1150,DDR3,2,
Asut,H81I-Plus,Intem,1150,DDR3,2,
Asut,H81T,Intem,1150,DDR3,2,
Asut,H87I-Plus,Intem,1150,DDR3,2,
Asut,Z87I-DELUXE,Intem,1150,DDR3,2,
Asut,Maximus VI Impact,Intem,1150,DDR3,2,
Asut,Z87I-PRO,Intem,1150,DDR3,2,
Asut,H97I-PLUS,Intem,1150,DDR3,2,
Asut,Maximus VII Impact,Intem,1150,DDR3,2,
Asut,Z97I-PLUS,Intem,1150,DDR3,2,
Asut,Trooper B85,Intem,1150,DDR3,2,
Asut,Z97-AR,Intem,1150,DDR3,4,
Asut,Z97-DELUXE,Intem,1150,DDR3,4,
Asut,Z97-DELUXE(NFC and WLC),Intem,1150,DDR3,4,
Asut,Z97-PRO (WiFi ac),Intem,1150,DDR3,4,
Asut,Sabertooth Z97 Mark 1,Intem,1150,DDR3,4,
Asut,Sabertooth Z97 Mark 2,Intem,1150,DDR3,4,
Asut,H87-Pro,Intem,1150,DDR3,4,
Asut,H87-PLUS,Intem,1150,DDR3,4,
Asut,B85-PLUS,Intem,1150,DDR3,4,
Asut,B85 PRO GAMER,Intem,1150,DDR3,4,
Asut,B85-PRO,Intem,1150,DDR3,4,58.73
Asut,Z87-WS,Intem,1150,DDR3,4,
Asut,Z87-DELUXE/QUAD,Intem,1150,DDR3,4,
Asut,Maximus VI Formula,Intem,1150,DDR3,4,
Asut,Maximus VII Hero,Intem,1150,DDR3,4,
Asut,Z87-K,Intem,1150,DDR3,4,
Asut,Z97-K,Intem,1150,DDR3,4,
Asut,Z87-EXPERT,Intem,1150,DDR3,4,
Asut,Z87-A,Intem,1150,DDR3,4,
Asut,Z87-C,Intem,1150,DDR3,4,
Asut,Z87-DELUXE,Intem,1150,DDR3,4,
Asut,Z97 Deluxe,Intem,1150,DDR3,4,
Asut,Maximus VI Extreme,Intem,1150,DDR3,4,
Asut,Maximus VI Hero,Intem,1150,DDR3,4,
Asut,Z87-DELUXE/DUAL,Intem,1150,DDR3,4,
Asut,Z87-Plus,Intem,1150,DDR3,4,
Asut,Z87-PRO,Intem,1150,DDR3,4,
Asut,Z97-WS,Intem,1150,DDR3,4,
Asut,Z97-PRO GAMER,Intem,1150,DDR3,4,
Asut,Sabertooth Z87,Intem,1150,DDR3,4,
Asut,Sabertooth Z97 Mark S,Intem,1150,DDR3,4,
Asut,Maximus VII Ranger,Intem,1150,DDR3,4,
Asut,H97-PLUS,Intem,1150,DDR3,4,
Asut,H97-PRO GAMER,Intem,1150,DDR3,4,
Asut,P9D WS,Intem,1150,DDR3,4,
Asut,Z97-C,Intem,1150,DDR3,4,
Asut,H97-PRO,Intem,1150,DDR3,4,
Asut,Z97-A,Intem,1150,DDR3,4,44.99
Asut,Z97-KUSB3.1,Intem,1150,DDR3,4,
Asut,H81-GAMER,Intem,1150,DDR3,4,
Asut,B85MG,Intem,1150,DDR3,4,
Asut,MAXIMUS VIII EXTREMEASSEMBLY,Intem,1151,DDR4,4,
Asut,Z170M-E D3,Intem,1151,DDR3,4,99.99
Asut,H110M-C,Intem,1151,DDR4,2,39.99
Asut,H110M-EM.2,Intem,1151,DDR4,2,
Asut,H110M-A,Intem,1151,DDR4,2,
Asut,H110M-A-M.2,Intem,1151,DDR4,2,46.5
Asut,H110M-K,Intem,1151,DDR4,2,57.44
Asut,B150M-K,Intem,1151,DDR4,2,
Asut,Z170M-PLUS,Intem,1151,DDR4,4,
Asut,Maximus VIII Gene,Intem,1151,DDR4,4,179.99
Asut,Prime H270M-PLUS,Intem,1151,DDR4,4,187.95
Asut,B150M-A,Intem,1151,DDR4,4,169.38
Asut,H170M-Plus,Intem,1151,DDR4,4,
Asut,B150M Plus,Intem,1151,DDR4,4,
Asut,Z170I Pro Gaming,Intem,1151,DDR4,2,84.35
Asut,MAXIMUS VIII IMPACT,Intem,1151,DDR4,2,
Asut,H110I-PLUS,Intem,1151,DDR4,2,62.99
Asut,Z170-P D3,Intem,1151,DDR3,4,98.99
Asut,B150-PLUS D3 ATX,Intem,1151,DDR3,4,170.98
Asut,B150 PRO GAMING D3,Intem,1151,DDR3,4,464.91
Asut,PRIME Z270-A,Intem,1151,DDR4,4,84.35
Asut,Maximus VIII Hero Alpha,Intem,1151,DDR4,4,131.99
Asut,Strix Z270E Gaming,Intem,1151,DDR4,4,71.99
Asut,Z170-A,Intem,1151,DDR4,4,96.99
Asut,Z170-DELUXE,Intem,1151,DDR4,4,
Asut,Z170-K,Intem,1151,DDR4,4,189.99
Asut,Z170-P,Intem,1151,DDR4,4,
Asut,Z170-PREMIUM,Intem,1151,DDR4,4,279.8
Asut,Prime Z270-P,Intem,1151,DDR4,4,108.63
Asut,Maximus IX Code,Intem,1151,DDR4,4,251.27
Asut,Z170-E,Intem,1151,DDR4,4,118.98
Asut,Z170-AR,Intem,1151,DDR4,4,
Asut,Maximus VIII Hero,Intem,1151,DDR4,4,
Asut,Maximus VIII Ranger,Intem,1151,DDR4,4,174.05
Asut,ROG Strix Z270F Gaming,Intem,1151,DDR4,4,149.99
Asut,Prime Z270-AR,Intem,1151,DDR4,4,114.65
Asut,TUF Z270 Mark 2,Intem,1151,DDR4,4,134.99
Asut,Sabertooth Z170 S,Intem,1151,DDR4,4,77.99
Asut,TUF Z270 MARK2,Intem,1151,DDR4,4,131.97
Asut,ROG STRIX Z270H GAMING,Intem,1151,DDR4,4,119.99
Asut,H170 Pro Gaming,Intem,1151,DDR4,4,118.98
Asut,H170 Pro,Intem,1151,DDR4,4,
Asut,Z170 PRO GAMING,Intem,1151,DDR4,4,296.73
Asut,SABERTOOTH Z170 MARK 1,Intem,1151,DDR4,4,154.18
Asut,PRIME B250-PLUS,Intem,1151,DDR4,4,74.99
Asut,B150 Pro Gaming,Intem,1151,DDR4,4,88.98
Asut,B150 Pro Gaming Aura,Intem,1151,DDR4,4,128.99
Asut,B150-PRO,Intem,1151,DDR4,4,100.89
Asut,z170 Sabertooth Mark 1,Intem,1151,DDR4,4,134.99
Asut,Maximus V Extreme,Intem,1155,DDR3,4,
Asut,Maximus V Formula/ThunderFX,Intem,1155,DDR3,4,
Asut,Maximus IV Extreme,Intem,1155,DDR3,4,
Asut,Maximus V Formula,Intem,1155,DDR3,4,
Asut,P8H61-M LE R2.0,Intem,1155,DDR3,2,
Asut,H61M-F,Intem,1155,DDR3,2,
Asut,B75M-A,Intem,1155,DDR3,2,
Asut,H61M-C,Intem,1155,DDR3,2,
Asut,H61M-K,Intem,1155,DDR3,2,
Asut,H61M-PRO,Intem,1155,DDR3,2,
Asut,P8H61-MLECSM,Intem,1155,DDR3,2,
Asut,P8H61-M LX Plus,Intem,1155,DDR3,2,99.98
Asut,P8H61-M LX,Intem,1155,DDR3,2,95.92
Asut,P8H67-M LX,Intem,1155,DDR3,2,97.98
Asut,P8H61-M,Intem,1155,DDR3,2,
Asut,P8H67-M LE,Intem,1155,DDR3,2,
Asut,P8H61-M Plus V2,Intem,1155,DDR3,2,
Asut,H61M-ABR,Intem,1155,DDR3,2,
Asut,P8H67M-PRO,Intem,1155,DDR3,4,
Asut,P8Z77-M PRO,Intem,1155,DDR3,4,
Asut,Maximus IV GENE-ZGEN3,Intem,1155,DDR3,4,
Asut,P8H77-M,Intem,1155,DDR3,4,
Asut,P8H77-M PRO,Intem,1155,DDR3,4,
Asut,Maximus IV GENE-Z,Intem,1155,DDR3,4,
Asut,B75M-PLUS,Intem,1155,DDR3,4,
Asut,P8B75-M LX PLUS,Intem,1155,DDR3,2,
Asut,P8H61-I LX R2.0,Intem,1155,DDR3,2,
Asut,P8H67-I,Intem,1155,DDR3,2,
Asut,P8H67-I PRO,Intem,1155,DDR3,2,
Asut,P8H61-I,Intem,1155,DDR3,2,
Asut,P8H61-I LX,Intem,1155,DDR3,2,
Asut,P8Z77-I Deluxe,Intem,1155,DDR3,2,
Asut,P8H77-I,Intem,1155,DDR3,2,
Asut,P8B75-M LX,Intem,1155,DDR3,2,
Asut,P8H61-M LX Plus R2.0,Intem,1155,DDR3,2,
Asut,P8H61-M LX R2.0,Intem,1155,DDR3,2,
Asut,P8H61-MX R2.0,Intem,1155,DDR3,2,
Asut,P8H61-MX USB3,Intem,1155,DDR3,2,
Asut,H61M-Plus,Intem,1155,DDR3,2,
Asut,H61M-A/USB3,Intem,1155,DDR3,2,
Asut,P8H61-M LX2,Intem,1155,DDR3,2,
Asut,P8B75-M LE,Intem,1155,DDR3,2,
Asut,P8H61-M LX3 PLUS,Intem,1155,DDR3,2,
Asut,P8H61-MX,Intem,1155,DDR3,2,
Asut,P8H61-M LE,Intem,1155,DDR3,2,
Asut,P8H61-M LE/USB3,Intem,1155,DDR3,2,
Asut,P8H61-M Plus,Intem,1155,DDR3,2,
Asut,P8H61-M PRO,Intem,1155,DDR3,2,
Asut,P8H61-M LX3 R2.0,Intem,1155,DDR3,2,
Asut,P8H77-M LE,Intem,1155,DDR3,2,
Asut,P8Q77-M,Intem,1155,DDR3,4,
Asut,P8B75-M,Intem,1155,DDR3,4,
Asut,P8H67-M EVO,Intem,1155,DDR3,4,
Asut,P8Q67-M DO TPM,Intem,1155,DDR3,4,
Asut,P8H61-M EVO,Intem,1155,DDR3,4,
Asut,P8Z77-M,Intem,1155,DDR3,4,
Asut,Maximus V GENE,Intem,1155,DDR3,4,
Asut,H61M-E,Intem,1155,DDR3,2,
Asut,P8H61 PLUS R2.0,Intem,1155,DDR3,2,
Asut,P8H61 R2.0,Intem,1155,DDR3,2,
Asut,P8H61/USB3 R2.0,Intem,1155,DDR3,2,
Asut,P8H61,Intem,1155,DDR3,2,
Asut,P8H61 PLUS,Intem,1155,DDR3,2,
Asut,P8H61 PRO,Intem,1155,DDR3,2,
Asut,P8H61 USB3,Intem,1155,DDR3,2,
Asut,P8H61-V,Intem,1155,DDR3,2,
Asut,P8Z77-V LX2,Intem,1155,DDR3,4,
Asut,Z77-A,Intem,1155,DDR3,4,
Asut,P8Z77-V Premium,Intem,1155,DDR3,4,
Asut,P8Z68-VGEN3,Intem,1155,DDR3,4,
Asut,P8Z77-V LK,Intem,1155,DDR3,4,
Asut,P8P67,Intem,1155,DDR3,4,
Asut,P8Z68-V LE,Intem,1155,DDR3,4,
Asut,P8P67 LE,Intem,1155,DDR3,4,
Asut,P8Z68-V,Intem,1155,DDR3,4,
Asut,P8P67 (REV 3.1),Intem,1155,DDR3,4,
Asut,P8P67 DELUXE,Intem,1155,DDR3,4,
Asut,P8P67 PRO (REV 3.1),Intem,1155,DDR3,4,
Asut,P8P67 WS Revolution,Intem,1155,DDR3,4,
Asut,P8P67 EVO,Intem,1155,DDR3,4,
Asut,P8Z68 DELUXE GEN3,Intem,1155,DDR3,4,
Asut,P8Z68-V PRO,Intem,1155,DDR3,4,
Asut,P8B75-V,Intem,1155,DDR3,4,
Asut,P8Z68-V LX,Intem,1155,DDR3,4,
Asut,P8Z68-V ProGen3,Intem,1155,DDR3,4,
Asut,P8P67 PRO,Intem,1155,DDR3,4,
Asut,P8P67-M PRO,Intem,1155,DDR3,4,
Asut,P8Z68 DELUXE,Intem,1155,DDR3,4,
Asut,Sabertooth,Intem,1155,DDR3,4,
Asut,SABERTOOTH P67,Intem,1155,DDR3,4,
Asut,P8H67,Intem,1155,DDR3,4,
Asut,P8H67-V,Intem,1155,DDR3,4,
Asut,P8B WS,Intem,1155,DDR3,4,
Asut,P8H67-M,Intem,1155,DDR3,4,
Asut,PH67-V,Intem,1155,DDR3,4,
Asut,P8H61 EVO,Intem,1155,DDR3,4,
Asut,Z77 V-LX,Intem,1155,DDR3,4,
Asut,P8Z77-V LE,Intem,1155,DDR3,4,
Asut,P8Z77-V LE PLUS,Intem,1155,DDR3,4,
Asut,P8Z77-V PRO/THUNDERBOLT,Intem,1155,DDR3,4,
Asut,P8Z77-V,Intem,1155,DDR3,4,
Asut,P8Z77 WS,Intem,1155,DDR3,4,
Asut,P8Z77-V Deluxe,Intem,1155,DDR3,4,
Asut,P8Z77-V LX,Intem,1155,DDR3,4,
Asut,P8Z77-V PRO,Intem,1155,DDR3,4,
Asut,P8Z68-M PRO,Intem,1155,DDR3,4,
Asut,Maximus IV Extreme-Z,Intem,1155,DDR3,4,
Asut,P8H77-V,Intem,1155,DDR3,4,
Asut,P8H77-V LE,Intem,1155,DDR3,4,
Asut,P8C WS,Intem,1155,DDR3,4,
Asut,P8P67-M,Intem,1155,DDR3,4,
Asut,Sabertooth Z77,Intem,1155,DDR3,4,
Asut,P7H55-M/USB3,Intem,1156,DDR3,2,
Asut,P7H55-M LE,Intem,1156,DDR3,2,
Asut,P7H55-M LX/USB3,Intem,1156,DDR3,2,
Asut,P7H55-M,Intem,1156,DDR3,4,
Asut,Maximus III GENE,Intem,1156,DDR3,4,
Asut,P7P55-M,Intem,1156,DDR3,4,
Asut,P7Q57-M DO,Intem,1156,DDR3,4,
Asut,P7H55D-M PRO,Intem,1156,DDR3,4,
Asut,P7H55D-M EVO,Intem,1156,DDR3,4,
Asut,P7H55-M LX,Intem,1156,DDR3,2,
Asut,P7H55-V,Intem,1156,DDR3,4,
Asut,P7P55 LX,Intem,1156,DDR3,4,
Asut,Maximus III Extreme,Intem,1156,DDR3,4,
Asut,Maximus III Formula,Intem,1156,DDR3,4,
Asut,P7H57D-V EVO,Intem,1156,DDR3,4,
Asut,P7P55D Premium,Intem,1156,DDR3,4,
Asut,P7P55D,Intem,1156,DDR3,4,
Asut,P7P55D EVO,Intem,1156,DDR3,4,
Asut,P7P55D LE,Intem,1156,DDR3,4,
Asut,P7P55D PRO,Intem,1156,DDR3,4,
Asut,P7P55D-E Deluxe,Intem,1156,DDR3,4,
Asut,P7P55D-E EVO,Intem,1156,DDR3,4,
Asut,P7P55D-E LX,Intem,1156,DDR3,4,
Asut,P7P55D-E Premium,Intem,1156,DDR3,4,
Asut,P7P55D-E PRO,Intem,1156,DDR3,4,
Asut,Sabertooth 55i,Intem,1156,DDR3,4,
Asut,P7H55-M PRO,Intem,1156,DDR3,4,
Asut,P7H55 USB3,Intem,1156,DDR3,4,
Asut,P7P55/USB3,Intem,1156,DDR3,4,
Asut,P7P55D Deluxe,Intem,1156,DDR3,4,
Asut,P7P55D-E,Intem,1156,DDR3,4,
Asut,P7H55,Intem,1156,DDR3,6,
Asut,P7F7-E WS supercomputer,Intem,1156,DDR3,6,
Asut,Rampage II GENE,Intem,1366,DDR3,4,
Asut,Rampage III GENE,Intem,1366,DDR3,6,
Asut,Rampage III Extreme,Intem,1366,DDR3,6,
Asut,P6X58D-E,Intem,1366,DDR3,6,
Asut,Rampage II Extreme,Intem,1366,DDR3,6,
Asut,Rampage III Black Edition,Intem,1366,DDR3,6,
Asut,Rampage III Formula,Intem,1366,DDR3,6,
Asut,P6X58-E PRO,Intem,1366,DDR3,6,
Asut,P6T,Intem,1366,DDR3,6,
Asut,P6T Deluxe V2,Intem,1366,DDR3,6,
Asut,SABERTOOTH X58,Intem,1366,DDR3,6,
Asut,P6T SE,Intem,1366,DDR3,6,
Asut,P6T WS Professional,Intem,1366,DDR3,6,
Asut,P6TD Deluxe,Intem,1366,DDR3,6,
Asut,P6T Deluxe/OC Palm,Intem,1366,DDR3,6,
Asut,P6T7 WS SuperComputer,Intem,1366,DDR3,6,
Asut,P6T6 WS Revolution,Intem,1366,DDR3,6,
Asut,P6X58-E WS,Intem,1366,DDR3,6,
Asut,P6X58D Premium,Intem,1366,DDR3,6,
Asut,Rampage IV Black Edition,Intem,2011,DDR3,8,
Asut,Z9PE-D8 WS,Intem,2011,DDR3,8,
Asut,P9X79-E WS,Intem,2011,DDR3,8,
Asut,Rampage IV Formula,Intem,2011,DDR3,4,
Asut,Rampage IV Formula BATTLEFIELD 3,Intem,2011,DDR3,4,
Asut,Rampage IV GENE,Intem,2011,DDR3,4,
Asut,X79-DELUXE,Intem,2011,DDR3,8,
Asut,P9X79 LE,Intem,2011,DDR3,8,
Asut,P9X79 DELUXE,Intem,2011,DDR3,8,
Asut,Rampage IV Extreme,Intem,2011,DDR3,8,
Asut,Rampage IV Extreme BATTLEFIELD 3,Intem,2011,DDR3,8,
Asut,P9X79 PRO,Intem,2011,DDR3,8,
Asut,Sabertooth X79,Intem,2011,DDR3,8,
Asut,X99-A II,Intem,2011,DDR4,8,252.99
Asut,P5SD2-VM,Intem,775,DDR2,2,
Asut,P5VD2-VM SE,Intem,775,DDR2,2,
Asut,P5GC-MXGBL,Intem,775,DDR2,2,
Asut,P5VD2-MX,Intem,775,DDR2,2,
Asut,P5KPL-AM EPU,Intem,775,DDR2,2,
Asut,P5KPL-AM SE,Intem,775,DDR2,2,
Asut,P5KPL-AM INROEMSI,Intem,775,DDR2,2,
Asut,P5QPL-AM,Intem,775,DDR2,2,
Asut,IPIBL-LB-Benicia-GL8E,Intem,775,DDR2,4,
Asut,P5L-VM 1394,Intem,775,DDR2,4,
Asut,P5LD2-VM,Intem,775,DDR2,4,
Asut,P5B-VM DO,Intem,775,DDR2,4,
Asut,P5BW-LA-Basswood3G-UL8E,Intem,775,DDR2,4,
Asut,P5K-VM,Intem,775,DDR2,4,
Asut,IPIBL-LA,Intem,775,DDR2,4,
Asut,P5G41T-M,Intem,775,DDR3,2,
Asut,P5G41T-M LE,Intem,775,DDR3,2,
Asut,P5QL-VM DO,Intem,775,DDR2,4,
Asut,P5L-MX,Intem,775,DDR2,2,
Asut,P5N73-CM,Intem,775,DDR2,2,
Asut,P5N-MX,Intem,775,DDR2,2,
Asut,P5N73-AM,Intem,775,DDR2,2,
Asut,P5KPL-AMPS,Intem,775,DDR2,2,
Asut,P5QL-CM,Intem,775,DDR2,2,
Asut,P5G41C-M-LX,Intem,775,DDR2,2,
Asut,P5N-EM HDMI,Intem,775,DDR2,3,
Asut,P5GC-MX/1333,Intem,775,DDR2,4,
Asut,Maximus II Gene,Intem,775,DDR2,4,
Asut,P5E-VM DO,Intem,775,DDR2,4,
Asut,P5QL-EM,Intem,775,DDR2,4,
Asut,P5QL-VM EPU,Intem,775,DDR2,4,
Asut,P5N7A-VM,Intem,775,DDR2,4,86.72
Asut,P5G43T-M PRO,Intem,775,DDR3,2,
Asut,P5LD2-X/1333,Intem,775,DDR2,2,
Asut,P5VD2-X,Intem,775,DDR2,2,
Asut,P5KPL-CM,Intem,775,DDR2,2,
Asut,P5KPL-VM,Intem,775,DDR2,2,180.99
Asut,P5KPL-AM INGB,Intem,775,DDR2,2,
Asut,P5KPL-C,Intem,775,DDR2,2,
Asut,P5G41C-M LX,Intem,775,DDR2,2,
Asut,P5Q-E,Intem,775,DDR2,4,
Asut,P5QC,Intem,775,DDR2,4,
Asut,P5E-WS-Pro,Intem,775,DDR2,4,
Asut,Commando,Intem,775,DDR2,4,
Asut,P5B SE,Intem,775,DDR2,4,
Asut,P5AD2 Premium,Intem,775,DDR2,4,
Asut,P5AD2-E Premium,Intem,775,DDR2,4,
Asut,P5N-D,Intem,775,DDR2,4,
Asut,P5W DH Deluxe,Intem,775,DDR2,4,
Asut,P5N-E SLI,Intem,775,DDR2,4,
Asut,P5N32-E SLI,Intem,775,DDR2,4,
Asut,P5B Deluxe,Intem,775,DDR2,4,
Asut,P5B,Intem,775,DDR2,4,
Asut,Striker Extreme,Intem,775,DDR2,4,
Asut,P5B-E Plus,Intem,775,DDR2,4,
Asut,P5N32-SLI Premium/WiFi-AP,Intem,775,DDR2,4,
Asut,P5ND2-SLI,Intem,775,DDR2,4,
Asut,P5N32-E SLI Plus,Intem,775,DDR2,4,
Asut,Maximus II Formula,Intem,775,DDR2,4,
Asut,P5E,Intem,775,DDR2,4,
Asut,P5K (Vanilla),Intem,775,DDR2,4,
Asut,P5Q PRO,Intem,775,DDR2,4,
Asut,P5K PRO,Intem,775,DDR2,4,
Asut,P5QPro Turbo,Intem,775,DDR2,4,
Asut,P5K SE,Intem,775,DDR2,4,
Asut,Rampage Formula,Intem,775,DDR2,4,
Asut,P5K-EWIFI-AP,Intem,775,DDR2,4,
Asut,P5Q-VM,Intem,775,DDR2,4,
Asut,P5Q SE,Intem,775,DDR2,4,
Asut,P5QLEPU,Intem,775,DDR2,4,
Asut,Maximus Formula,Intem,775,DDR2,4,
Asut,P5Q SE PLUS,Intem,775,DDR2,4,
Asut,P5Q,Intem,775,DDR2,4,
Asut,P5N-T Deluxe,Intem,775,DDR2,4,
Asut,P5KPL EPU,Intem,775,DDR2,4,
Asut,P5QL,Intem,775,DDR2,4,
Asut,P5N72-T Premium,Intem,775,DDR2,4,
Asut,P5Q Deluxe,Intem,775,DDR2,4,
Asut,Striker II Formula,Intem,775,DDR2,4,
Asut,P5KC,Intem,775,DDR2,4,
Asut,P5KPL,Intem,775,DDR2,4,
Asut,P5Q-EM DO,Intem,775,DDR2,4,
Asut,P31 Neo,Intem,775,DDR2,4,
Asut,P5N32-SLI Deluxe,Intem,775,DDR2,4,
Asut,P5QL-E,Intem,775,DDR2,4,
Asut,P5QD Turbo,Intem,775,DDR2,4,
Asut,P5Q SE2,Intem,775,DDR2,4,
Asut,P5G41T-M LX3,Intem,775,DDR3,2,
Asut,P5P41T LE,Intem,775,DDR3,2,
Asut,P5G41T-M LX,Intem,775,DDR3,2,
Asut,P5Q3,Intem,775,DDR3,4,
Asut,Striker II Extreme,Intem,775,DDR3,4,
Asut,Striker II NSE,Intem,775,DDR3,4,
Asut,P5P43TD PRO,Intem,775,DDR3,4,
Asut,P5E3 Deluxe,Intem,775,DDR3,4,
Asut,P5P43TD,Intem,775,DDR3,4,
Asut,P5E3 PRO,Intem,775,DDR3,4,
Asut,B85M-G R2.0,Intem,1150,DDR3,4,
Asut,Z97-P,Intem,1150,DDR3,4,48.99
Asut,Z97-E,Intem,1150,DDR3,4,
Asut,Rampage V Extreme,Intem,2011,DDR4,8,180.99
Asut,Rampage V Extreme U3.1,Intem,2011,DDR4,8,
Asut,X99-M WS,Intem,2011,DDR4,4,81.99
Asut,X99-E WS,Intem,2011,DDR4,8,
Asut,X99-E WSUSB WORKSTATION MOTHERBOARD,Intem,2011,DDR4,8,
Asut,X99 PRO3.1,Intem,2011,DDR4,8,
Asut,X99-A,Intem,2011,DDR4,8,252.99
Asut,X99-DELUXE,Intem,2011,DDR4,8,299.99
Asut,X99-PRO,Intem,2011,DDR4,8,
Asut,X99-S,Intem,2011,DDR4,8,
Asut,X99-WSIPMI,Intem,2011,DDR4,8,
Asut,ROG Strix X99 Gaming,Intem,2011,DDR4,8,269.99
Asut,Sabertooth X99,Intem,2011,DDR4,8,178.99
Asut,M2N-MX SE,Intel,940,DDR2,2,
Asut,AM1M-A,AME,AM1,DDR3,2,
Asut,AM1I-A,AME,AM1,DDR3,2,
Asut,M2NPV-VM,AME,AM2,DDR2,4,
Asut,M2N-E SLI,AME,AM2,DDR2,4,
Asut,M2N8-VMX,AME,AM2,DDR2,4,
Asut,M2N68-AM SE2,AME,AM2,DDR2,2,
Asut,M4A78L-M,AME,AM2,DDR2,2,
Asut,M2A74-AM,AME,AM2,DDR2,2,
Asut,M4A78L-M LE,AME,AM2,DDR2,2,
Asut,M3A78,AME,AM2,DDR2,4,
Asut,M4A78 Pro,AME,AM2,DDR2,4,
Asut,M4A88T-V EVO/USB3,AME,AM2,DDR3,4,
Asut,M2N68-AM,AME,AM2,DDR2,2,
Asut,M2A-VM,AME,AM2,DDR2,4,
Asut,M2N-VM DVI,AME,AM2,DDR2,4,
Asut,M4A785-M,AME,AM2,DDR2,4,
Asut,M2N-MX SE Plus,AME,AM2,DDR2,2,
Asut,M2A-MX,AME,AM2,DDR2,2,
Asut,M3A78-VM,AME,AM2,DDR2,4,
Asut,M3N78-VM,AME,AM2,DDR2,4,
Asut,M3N78-EM,AME,AM2,DDR2,4,
Asut,M2N-XE,AME,AM2,DDR2,2,
Asut,M2N68-AM SE,AME,AM2,DDR2,2,
Asut,M3N-HDHDMI,AME,AM2,DDR2,4,
Asut,M4A77D,AME,AM2,DDR2,4,
Asut,M2N32-SLi,AME,AM2,DDR2,4,
Asut,M3A32-MVP Deluxe,AME,AM2,DDR2,4,
Asut,M3A,AME,AM2,DDR2,4,
Asut,M3N-HT Deluxe/Mempipe,AME,AM2,DDR2,4,
Asut,M3N-HT Deluxe + HDMI,AME,AM2,DDR2,4,
Asut,M3A78-CM,AME,AM2,DDR2,4,
Asut,M2N-E,AME,AM2,DDR2,4,
Asut,M2N-SLI Deluxe,AME,AM2,DDR2,4,
Asut,M3A78 PRO,AME,AM2,DDR2,4,
Asut,M3A78-T,AME,AM2,DDR2,4,
Asut,M3A79-T Deluxe,AME,AM2,DDR2,4,
Asut,M3A78-EM,AME,AM2,DDR2,4,
Asut,M3N78 Pro,AME,AM2,DDR2,4,
Asut,M3A-H/HDMI,AME,AM2,DDR2,4,
Asut,M3N72-D,AME,AM2,DDR2,4,
Asut,E35M1-M PRO,AME,AM3,DDR3,2,
Asut,M4A88T-M LE,AME,AM3,DDR3,2,
Asut,M4N68T-M V2,AME,AM3,DDR3,2,
Asut,M4A785TD-M Evo,AME,AM3,DDR3,4,
Asut,M4A785T-M,AME,AM3,DDR3,4,
Asut,M4A88T-M,AME,AM3,DDR3,4,
Asut,M4A78-EM,AME,AM3,DDR2,4,
Asut,M4N68T-M LE,AME,AM3,DDR3,2,
Asut,M4A78LT-M,AME,AM3,DDR3,4,
Asut,M2N68-AM-Plus,AME,AM3,DDR2,2,
Asut,M4N78 PRO,AME,AM3,DDR2,4,
Asut,M4A78-E,AME,AM3,DDR2,4,
Asut,M4A79 Deluxe,AME,AM3,DDR2,4,
Asut,M4A78LT-M LE,AME,AM3,DDR3,2,
Asut,M4A78T-E,AME,AM3,DDR3,3,
Asut,M4A89GTD PROUSB3,AME,AM3,DDR3,4,
Asut,Crosshair IV Formula,AME,AM3,DDR3,4,
Asut,Crosshair III Formula,AME,AM3,DDR3,4,
Asut,M4N68T V2,AME,AM3,DDR3,4,
Asut,M4A89TD PRO/USB3,AME,AM3,DDR3,4,
Asut,M4A79T Deluxe,AME,AM3,DDR3,4,
Asut,M4N75TD,AME,AM3,DDR3,4,
Asut,Crosshair IV Extreme,AME,AM3,DDR3,4,266.25
Asut,M4A88TD-V EVO/USB3,AME,AM3,DDR3,4,
Asut,M4A785TD-V EVO,AME,AM3,DDR3,4,
Asut,M4A77TD PRO,AME,AM3,DDR3,4,
Asut,M4A87TD Evo,AME,AM3,DDR3,4,
Asut,M4A79Xtd Evo,AME,AM3,DDR3,4,
Asut,M5A78L-M LE,AME,AM3,DDR3,2,
Asut,M5A78L-M LX PLUS,AME,AM3,DDR3,2,
Asut,M5A78L-M LX,AME,AM3,DDR3,2,
Asut,M5A78L-M LX3,AME,AM3,DDR3,2,
Asut,M4N68T-M LE V2,AME,AM3,DDR3,2,
Asut,M5A88-M,AME,AM3,DDR3,4,
Asut,M5A78L-M/USB3,AME,AM3,DDR3,4,
Asut,M4A88TD-M EVOUSB3.0,AME,AM3,DDR3,4,
Asut,M5A78L-M LX V2,AME,AM3,DDR3,2,
Asut,M4N82-Deluxe,AME,AM3,DDR2,4,
Asut,M5A99X EVO R2.0,AME,AM3,DDR3,4,
Asut,Crosshair V Formula-Z,AME,AM3,DDR3,4,
Asut,M5A99X EVO,AME,AM3,DDR3,4,
Asut,M5A97 PRO,AME,AM3,DDR3,4,
Asut,Crosshair V Formula,AME,AM3,DDR3,4,
Asut,M5A99FX PRO R2.0,AME,AM3,DDR3,4,
Asut,M5A78L,AME,AM3,DDR3,4,
Asut,M5A97 LE R2.0,AME,AM3,DDR3,4,
Asut,M5A97 R2.0,AME,AM3,DDR3,4,
Asut,M5A97 EVO R2.0,AME,AM3,DDR3,4,
Asut,M5A78LUSB 3,AME,AM3,DDR3,4,
Asut,M5A97,AME,AM3,DDR3,4,
Asut,M5A78L/USB3,AME,AM3,DDR3,4,
Asut,M4A77T,AME,AM3,DDR3,4,
Asut,M5A88-M-EVO,AME,AM3,DDR3,4,
Asut,M5A88V EVO,AME,AM3,DDR3,4,
Asut,M5A78L LE,AME,AM3,DDR3,4,
Asut,Sabertooth 990FXGEN3 R2.0,AME,AM3,DDR3,4,
Asut,Sabertooth 990FX R2.0,AME,AM3,DDR3,4,
Asut,Sabertooth 990FX R3.0,AME,AM3,DDR3,4,
Asut,M5A87,AME,AM3,DDR3,4,
Asut,Sabertooth 990FX,AME,AM3,DDR3,4,
Asut,970 PRO GAMING AURA,AME,AM3,DDR3,4,
Asut,970 Pro GamingAura,AME,AM3,DDR3,4,
Asut,M5A97 EVO,AME,AM3,DDR3,4,
Asut,Prime B350-PLUS,AME,AM4,DDR4,4,240.99
Asut,ROG Crosshair VI Hero,AME,AM4,DDR4,4,212.12
Asut,ROG STRIX B350-F GAMING,AME,AM4,DDR4,4,173.37
Asut,KCMA-D8 Opteron C32,AME,C32,DDR3,8,
Asut,F1A55-M LE,AME,FM1,DDR3,2,
Asut,F1A55-M LX PLUS R2.0,AME,FM1,DDR3,2,
Asut,F1A75-M PRO R2.0,AME,FM1,DDR3,4,
Asut,F1A75-I DELUXE,AME,FM1,DDR3,2,
Asut,F1A55-M LX,AME,FM1,DDR3,2,
Asut,F1A75-M LE,AME,FM1,DDR3,2,
Asut,F1A75,AME,FM1,DDR3,4,
Asut,F1A75-V EVO,AME,FM1,DDR3,4,
Asut,F1A75-V,AME,FM1,DDR3,4,
Asut,F1A75-V PRO,AME,FM1,DDR3,4,
Asut,F1A55,AME,FM1,DDR3,4,
Asut,F2A55-M LK,AME,FM2,DDR3,2,
Asut,F2A55-M LK PLUS,AME,FM2,DDR3,2,
Asut,F2A55-M LE,AME,FM2,DDR3,2,
Asut,F2A85-M LE,AME,FM2,DDR3,2,
Asut,A55M-A,AME,FM2,DDR3,2,
Asut,A85XM-A,AME,FM2,DDR3,2,
Asut,F2A85-M2,AME,FM2,DDR3,4,
Asut,A55M-A-USB3,AME,FM2,DDR3,2,
Asut,F2A85-M PRO,AME,FM2,DDR3,4,
Asut,F2A85-M,AME,FM2,DDR3,4,
Asut,F255-M,AME,FM2,DDR3,4,
Asut,F2A85-V,AME,FM2,DDR3,4,
Asut,F2A85-V Pro,AME,FM2,DDR3,4,
Asut,A55M-E,AME,FM2,DDR3,2,
Asut,A68HM-K,AME,FM2,DDR3,2,
Asut,A68HM-PLUS,AME,FM2,DDR3,2,42.87
Asut,A55BM-E,AME,FM2,DDR3,2,
Asut,A55BM-K,AME,FM2,DDR3,2,
Asut,A88XM-E,AME,FM2,DDR3,2,
Asut,A58M-AUSB3,AME,FM2,DDR3,2,
Asut,A58M-E,AME,FM2,DDR3,2,
Asut,A58M-K,AME,FM2,DDR3,2,
Asut,A78M-E,AME,FM2,DDR3,2,
Asut,A78M-A,AME,FM2,DDR3,4,
Asut,A88XM-PLUS,AME,FM2,DDR3,4,
Asut,A88XM-A,AME,FM2,DDR3,4,
Asut,A88X-PRO,AME,FM2,DDR3,4,
Asut,A88X-GAMER,AME,FM2,DDR3,4,
Asut,Crossblade Ranger,AME,FM2,DDR3,4,113.99
Asut,A88X-PLUS,AME,FM2,DDR3,4,
Asut,E2KM1I-DELUXE,AME,FT1,DDR3,2,
Asut,KGPE-D16,AME,G34,DDR3,1,
Asut,P8H67-I DELUXE,Intem,M,DDR3,2,
Asut,P9X79 WS,Intem,M,DDR3,8,
MSJ,G41M-P43,Intem,775,DDR2,2,
MSJ,MS-7366,Intem,775,DDR2,2,
MSJ,A90,Intem,775,DDR2,2,
MSJ,31TM-P21,Intem,775,DDR2,2,
MSJ,31TM-P31,Intem,775,DDR2,2,
MSJ,31TM-P35,Intem,775,DDR2,2,
MSJ,41-P34,Intem,775,DDR3,2,
MSJ,41M-P23,Intem,775,DDR3,2,
MSJ,41M-P26,Intem,775,DDR3,2,
MSJ,41M-P28,Intem,775,DDR3,2,
MSJ,41M-P34,Intem,775,DDR3,2,
MSJ,41M4-F,Intem,775,DDR2,2,
MSJ,41TM-P33,Intem,775,DDR2,2,
MSJ,S-7525,Intem,775,DDR2,2,
MSJ,S-7529,Intem,775,DDR2,2,
MSJ,VIDIA MCP73PV,Intem,775,DDR2,2,
MSJ,4M900M3-L,Intem,775,DDR2,2,
MSJ,M8PM-V,Intem,775,DDR2,2,
MSJ,MS-7350,Intem,775,DDR2,4,
MSJ,15P Neo2 Platinum (V1.0B),Intem,775,DDR2,4,
MSJ,75X Platinum PowerUp Edition,Intem,775,DDR2,4,
MSJ,33M,Intem,775,DDR2,4,
MSJ,35 Neo,Intem,775,DDR2,4,
MSJ,35 Platinum Combo,Intem,775,DDR2,4,
MSJ,43 neo,Intem,775,DDR2,4,
MSJ,43T-C51,Intem,775,DDR2,4,
MSJ,45 Neo-F (ms-7519),Intem,775,DDR2,4,
MSJ,45 Platinum,Intem,775,DDR2,4,
MSJ,45D3 Platinum,Intem,775,DDR3,4,
MSJ,6N SLI Platinum,Intem,775,DDR2,4,
MSJ,6N SLI V2,Intem,775,DDR2,4,
MSJ,7N Diamond,Intem,775,DDR2,4,
MSJ,7N SLI Platinum,Intem,775,DDR2,4,
MSJ,P45 Neo3-FR,Intem,775,DDR2,4,
MSJ,85M-E33 V2,Intem,1150,DDR3,2,
MSJ,85M-P32,Intem,1150,DDR3,2,
MSJ,85M-P33,Intem,1150,DDR3,2,
MSJ,87I,Intem,1150,DDR3,2,
MSJ,87I GAMING AC,Intem,1150,DDR3,2,
MSJ,97I GAMING AC,Intem,1150,DDR3,2,
MSJ,97I GAMING ACK,Intem,1150,DDR3,2,
MSJ,B85M-G43,Intem,1150,DDR3,4,
MSJ,85-G41,Intem,1150,DDR3,4,
MSJ,85-G43,Intem,1150,DDR3,4,
MSJ,85-G43 Gaming,Intem,1150,DDR3,4,
MSJ,85M Eco,Intem,1150,DDR3,4,
MSJ,85M Gaming,Intem,1150,DDR3,4,
MSJ,85M-E45,Intem,1150,DDR3,4,
MSJ,85M-G43,Intem,1150,DDR3,4,
MSJ,87 MPOWER,Intem,1150,DDR3,4,
MSJ,87 MPOWER MAX,Intem,1150,DDR3,4,
MSJ,87 MPOWER SP,Intem,1150,DDR3,4,
MSJ,87 XPOWER,Intem,1150,DDR3,4,
MSJ,87-G41,Intem,1150,DDR3,4,
MSJ,87-G43,Intem,1150,DDR3,4,
MSJ,87-G43 GAMING,Intem,1150,DDR3,4,
MSJ,87-G45 GAMING,Intem,1150,DDR3,4,
MSJ,87-G55,Intem,1150,DDR3,4,
MSJ,87-GD65,Intem,1150,DDR3,4,
MSJ,87-GD65 GAMING,Intem,1150,DDR3,4,
MSJ,87M GAMING,Intem,1150,DDR3,4,
MSJ,87M-G43,Intem,1150,DDR3,4,
MSJ,97 Gaming 3,Intem,1150,DDR3,4,
MSJ,97 GAMING 5,Intem,1150,DDR3,4,
MSJ,97 GAMING 7,Intem,1150,DDR3,4,
MSJ,97 Gaming 9 ACK,Intem,1150,DDR3,4,
MSJ,97 MPOWER,Intem,1150,DDR3,4,
MSJ,97 MPOWER MAX AC,Intem,1150,DDR3,4,
MSJ,97 PC Mate,Intem,1150,DDR3,4,
MSJ,97 XPOWER AC,Intem,1150,DDR3,4,
MSJ,97-G43,Intem,1150,DDR3,4,
MSJ,97-G43 GAMING,Intem,1150,DDR3,4,
MSJ,97-G45 GAMING,Intem,1150,DDR3,4,
MSJ,97-G55 SLI,Intem,1150,DDR3,4,
MSJ,97-GD65 GAMING,Intem,1150,DDR3,4,
MSJ,97A GAMING 6,Intem,1150,DDR3,4,
MSJ,97M GAMING,Intem,1150,DDR3,4,
MSJ,97M-G43,Intem,1150,DDR3,4,
MSJ,97S SLI Krait Edition,Intem,1150,DDR3,4,
MSJ,97S SLI PLUS,Intem,1150,DDR3,4,
MSJ,B150I GAMING PRO AC,Intem,1151,DDR4,2,
MSJ,H110M Gaming,Intem,1151,DDR4,2,
MSJ,250M Pro Gaming,Intem,1151,DDR4,2,
MSJ,250M PRO-VD,Intem,1151,DDR4,2,35.72
MSJ,110M ECO,Intem,1151,DDR4,2,38.98
MSJ,110M GAMING,Intem,1151,DDR4,2,
MSJ,110M PRO-VD,Intem,1151,DDR4,2,
MSJ,110M PRO-VH,Intem,1151,DDR4,2,
MSJ,150 NIGHT ELF,Intem,1151,DDR4,4,151.98
MSJ,H270 Tomahawk Artic,Intem,1151,DDR4,4,134.99
MSJ,150 GAMING M3,Intem,1151,DDR4,4,
MSJ,150 PC MATE,Intem,1151,DDR4,4,58.98
MSJ,150A GAMING PRO,Intem,1151,DDR4,4,
MSJ,150M Bazooka,Intem,1151,DDR4,4,53.99
MSJ,150M Night Elf,Intem,1151,DDR4,4,
MSJ,250M Bazooka,Intem,1151,DDR4,4,80.99
MSJ,250M Mortar Arctic,Intem,1151,DDR4,4,62.99
MSJ,110m,Intem,1151,DDR4,4,46.84
MSJ,170 Gaming M3,Intem,1151,DDR4,4,
MSJ,170A Gaming PRO,Intem,1151,DDR4,4,71.72
MSJ,170A PC Mate,Intem,1151,DDR4,4,101.99
MSJ,170M-A PRO,Intem,1151,DDR4,4,
MSJ,170 Mortar,Intem,1151,DDR4,4,
MSJ,170-A PRO,Intem,1151,DDR4,4,117.95
MSJ,170A GAMING M3,Intem,1151,DDR4,4,132.96
MSJ,170A GAMING M5,Intem,1151,DDR4,4,133.95
MSJ,170A GAMING M9 ACK,Intem,1151,DDR4,4,
MSJ,170A KRAIT GAMING,Intem,1151,DDR4,4,119.99
MSJ,170A SLI PLUS,Intem,1151,DDR4,4,
MSJ,170A Tomahawk AC,Intem,1151,DDR4,4,
MSJ,170A XPOWER GAMING TITANIUM EDITION,Intem,1151,DDR4,4,
MSJ,170A-G45 GAMING,Intem,1151,DDR4,4,
MSJ,270 Gaming M5,Intem,1151,DDR4,4,97.98
MSJ,270 Gaming Pro,Intem,1151,DDR4,4,91.98
MSJ,270 SLI PLUS,Intem,1151,DDR4,4,113.99
MSJ,270-A PRO,Intem,1151,DDR4,4,89.98
MSJ,Z270 GAMING PRO CARBON,Intem,1151,DDR4,4,
MSJ,75IA-E33,Intem,1155,DDR3,2,
MSJ,75MA-E33,Intem,1155,DDR3,2,
MSJ,75MA-P33,Intem,1155,DDR3,2,
MSJ,61M-E22 (G3),Intem,1155,DDR3,2,
MSJ,61M-E23 (G3),Intem,1155,DDR3,2,
MSJ,61M-E33 (B3),Intem,1155,DDR3,2,
MSJ,61M-P20 (G3),Intem,1155,DDR3,2,
MSJ,61M-P21 (B3),Intem,1155,DDR3,2,
MSJ,61M-P23 (B3),Intem,1155,DDR3,2,
MSJ,61M-P31 (G3),Intem,1155,DDR3,2,
MSJ,61M-P32/W8,Intem,1155,DDR3,2,
MSJ,61MA-E35 (B3),Intem,1155,DDR3,2,
MSJ,67MA-E35 (B3),Intem,1155,DDR3,2,
MSJ,67MS-E33 (B3),Intem,1155,DDR3,2,
MSJ,H61-P33 (B3),Intem,1155,DDR3,2,
MSJ,H61A-P35 (B3),Intem,1155,DDR3,2,
MSJ,77IA-E53,Intem,1155,DDR3,2,
MSJ,75A-G41,Intem,1155,DDR3,4,
MSJ,75A-G43,Intem,1155,DDR3,4,
MSJ,75A-G43 Gaming,Intem,1155,DDR3,4,
MSJ,75MA-P45,Intem,1155,DDR3,4,
MSJ,ig Bang-Marshal (B3),Intem,1155,DDR3,4,
MSJ,SM-B75MA-P45,Intem,1155,DDR3,4,
MSJ,67MA-E45,Intem,1155,DDR3,4,
MSJ,67MA-ED55 (B3),Intem,1155,DDR3,4,
MSJ,67MS-E43 (B3),Intem,1155,DDR3,4,
MSJ,77MA-G43,Intem,1155,DDR3,4,
MSJ,67A-C45 (B3),Intem,1155,DDR3,4,
MSJ,67A-G43 (B3),Intem,1155,DDR3,4,
MSJ,67A-G45 (B3),Intem,1155,DDR3,4,
MSJ,67A-GD55 B3,Intem,1155,DDR3,4,
MSJ,67A-GD65,Intem,1155,DDR3,4,
MSJ,67A-GD65 B3,Intem,1155,DDR3,4,
MSJ,67A-GD80 B3 V2.1,Intem,1155,DDR3,4,
MSJ,67S-C43 (B3),Intem,1155,DDR3,4,
MSJ,68A-G43 (G3),Intem,1155,DDR3,4,
MSJ,68A-G45 (B3),Intem,1155,DDR3,4,
MSJ,68A-GD55,Intem,1155,DDR3,4,
MSJ,68A-GD65 G3,Intem,1155,DDR3,4,
MSJ,68A-GD80 G3,Intem,1155,DDR3,4,
MSJ,68MA-ED55 (B3),Intem,1155,DDR3,4,
MSJ,68MA-G45 (B3),Intem,1155,DDR3,4,
MSJ,77 Extreme 6,Intem,1155,DDR3,4,
MSJ,77 MPOWER,Intem,1155,DDR3,4,
MSJ,77A GD65,Intem,1155,DDR3,4,
MSJ,77A-G41,Intem,1155,DDR3,4,
MSJ,77A-G43,Intem,1155,DDR3,4,
MSJ,77A-G43 Gaming,Intem,1155,DDR3,4,
MSJ,77A-G45,Intem,1155,DDR3,4,
MSJ,77A-G45 Gaming,Intem,1155,DDR3,4,
MSJ,77A-G45 Thunderbolt,Intem,1155,DDR3,4,
MSJ,77A-GD55,Intem,1155,DDR3,4,
MSJ,77A-GD65 GAMING,Intem,1155,DDR3,4,
MSJ,77A-GD80,Intem,1155,DDR3,4,
MSJ,77MA-G45,Intem,1155,DDR3,4,
MSJ,H77A-G41,Intem,1155,DDR3,4,
MSJ,H77A-G43,Intem,1155,DDR3,4,
MSJ,61MU-E35 (B3),Intem,1156,DDR3,2,
MSJ,S-7613,Intem,1156,DDR3,2,
MSJ,ig Bang-Fuzion,Intem,1156,DDR3,4,
MSJ,55-CD53,Intem,1156,DDR3,4,
MSJ,55-GD65,Intem,1156,DDR3,4,
MSJ,55-GD8,Intem,1156,DDR3,4,
MSJ,55-GD85,Intem,1156,DDR3,4,
MSJ,58 PRO-E,Intem,1366,DDR3,5,
MSJ,clipse SLI,Intem,1366,DDR3,6,
MSJ,58A-GD65,Intem,1366,DDR3,6,
MSJ,58M,Intem,1366,DDR3,6,
MSJ,79MA-GD45,Intem,2011,DDR3,4,
MSJ,99A GAMING 9 ACK,Intem,2011,DDR4,8,
MSJ,99A GODLIKE Gaming,Intem,2011,DDR4,8,
MSJ,99A RAIDER,Intem,2011,DDR4,8,
MSJ,99A SLI PLUS,Intem,2011,DDR4,8,
MSJ,99S GAMING 7,Intem,2011,DDR4,8,
MSJ,99S GAMING 9 AC,Intem,2011,DDR4,8,
MSJ,99S SLI KRAIT EDITION,Intem,2011,DDR4,8,
MSJ,99S SLI PLUS,Intem,2011,DDR4,8,
MSJ,99S XPOWER AC,Intem,2011,DDR4,8,
MSJ,X99A SLI Krait Edition,Intem,2011,DDR4,8,
MSJ,X99A XPOWER GAMING TITANIUM,Intem,2011,DDR4,8,
MSJ,ig Bang-XPower II,Intem,2011,DDR3,8,
MSJ,79A-GD45 (8D),Intem,2011,DDR3,8,
MSJ,79A-GD45 Plus,Intem,2011,DDR3,8,
MSJ,79A-GD65 (8D),Intem,2011,DDR3,8,
MSJ,99 Gaming Pro Carbon,Intem,2011,DDR4,8,
MSJ,99A GAMING 7,Intem,2011,DDR4,8,
MSJ,M1I,AME,AM1,DDR3,2,
MSJ,M1M,AME,AM1,DDR3,2,
MSJ,9N6PGM2-V,AME,AM2,DDR2,2,
MSJ,9N6PGM2-V2 AM2+,AME,AM2,DDR2,2,
MSJ,80GMS-E35,AME,AM3,DDR3,2,
MSJ,F615M-P31,AME,AM3,DDR3,2,
MSJ,40GM-P25,AME,AM3,DDR3,2,66.99
MSJ,60GM-P33,AME,AM3,DDR3,2,
MSJ,85GTM-E45,AME,AM3,DDR2,2,
MSJ,F615M-P33,AME,AM3,DDR3,2,
MSJ,F615M-P33v1.3,AME,AM3,DDR3,2,
MSJ,F725GM-P31,AME,AM3,DDR3,2,
MSJ,60GM-P34 (FX),AME,AM3,DDR3,2,
MSJ,60GM-P21,AME,AM3,DDR3,2,
MSJ,60GM-P21 (FX),AME,AM3,DDR3,2,68.24
MSJ,60GM-P21(FX) AM3,AME,AM3,DDR3,2,68.24
MSJ,60GM-P23 FX,AME,AM3,DDR3,2,
MSJ,60GMA-P34 (FX),AME,AM3,DDR3,2,
MSJ,80GMA-E35 (FX),AME,AM3,DDR3,2,
MSJ,80GMS-E41 (FX),AME,AM3,DDR3,2,
MSJ,350M Gaming Pro,AME,AM4,DDR4,2,463.98
MSJ,350IA-E44,AME,F,DDR3,2,72.16
MSJ,55M-P35,AME,FM1,DDR3,2,
MSJ,75A-G35,AME,FM1,DDR3,2,
MSJ,M2-A55M-E33,AME,FM2,DDR3,2,
MSJ,M2-A55M-P33,AME,FM2,DDR3,2,
MSJ,M2-A75IA-E53,AME,FM2,DDR3,2,
MSJ,M2-A75MA-E35,AME,FM2,DDR3,2,
MSJ,M2-A75MA-P33,AME,FM2,DDR3,2,
MSJ,M2-A85XMA-E35,AME,FM2,DDR3,2,
MSJ,M2-A85XMA-P33,AME,FM2,DDR3,2,
MSJ,A78M-E35,AME,FM2,DDR3,2,75.5
MSJ,55-G41 PC Mate,AME,FM2,DDR3,2,78.45
MSJ,55M-E33,AME,FM2,DDR3,2,
MSJ,58M-E33,AME,FM2,DDR3,2,
MSJ,68HM Grenade,AME,FM2,DDR3,2,
MSJ,68HM-E33 V2,AME,FM2,DDR3,2,
MSJ,78-G41 PC Mate,AME,FM2,DDR3,2,82.89
MSJ,88XI AC,AME,FM2,DDR3,2,
MSJ,88XM-E35,AME,FM2,DDR3,2,
MSJ,S-16fk,AME,FS1,DDR3,2,
MSJ,F615M-P33 V2,AME,AM3,DDR3,3,
MSJ,9N SLI PLATINUM,AME,AM2,DDR2,4,
MSJ,9AG Neo2-Digital,AME,AM2,DDR2,4,
MSJ,9N Neo,AME,AM2,DDR2,4,
MSJ,9N NeoV2,AME,AM2,DDR2,4,
MSJ,9N SLI V2,AME,AM2,DDR2,4,
MSJ,9N SLI-F V2,AME,AM2,DDR2,4,
MSJ,9A2 Platinum,AME,AM2,DDR2,4,
MSJ,9AGM3-F,AME,AM2,DDR2,4,
MSJ,85GT-E63,AME,AM2,DDR2,4,
MSJ,KA790GX Platinum (MS-7550),AME,AM2,DDR2,4,352.99
MSJ,9N2 SLI Platinum,AME,AM2,DDR2,4,
MSJ,S-7548 (Aspen),AME,AM2,DDR2,4,101.99
MSJ,9A2 Platinum V2,Intem,AM2,DDR2,4,
MSJ,9A2VM-FD,Intem,AM2,DDR2,4,
MSJ,9AGM3-FIH,Intem,AM2,DDR2,4,
MSJ,70-G54,AME,AM3,DDR3,4,
MSJ,F980-G65,AME,AM3,DDR3,4,
MSJ,60GM-P35,AME,AM3,DDR3,4,
MSJ,85GM-E51,AME,AM3,DDR3,4,
MSJ,90FX-GD70,AME,AM3,DDR3,4,
MSJ,90GX-G65,AME,AM3,DDR3,4,
MSJ,90X-G45,AME,AM3,DDR3,4,
MSJ,70A-G46,AME,AM3,DDR3,4,
MSJ,70A-G54,AME,AM3,DDR3,4,
MSJ,70S-G46,AME,AM3,DDR3,4,
MSJ,80G-E45,AME,AM3,DDR3,4,
MSJ,80GMA-E45,AME,AM3,DDR3,4,
MSJ,80GMA-E55 (MS-7623),AME,AM3,DDR3,4,
MSJ,90FXA-GD65,AME,AM3,DDR3,4,
MSJ,90FXA-GD70,AME,AM3,DDR3,4,
MSJ,F750-G55,AME,AM3,DDR3,4,
MSJ,70 C45,Intem,AM3,DDR3,4,
MSJ,70 Gaming,AME,AM3,DDR3,4,72.16
MSJ,70-G45,AME,AM3,DDR3,4,
MSJ,70A GAMING PRO CARBON,AME,AM3,DDR3,4,68.24
MSJ,90FX-GD65,AME,AM3,DDR3,4,
MSJ,90XA-GD55,AME,AM3,DDR3,4,
MSJ,60G-P43 (FX),AME,AM3,DDR3,4,
MSJ,60GA-P43 (FX),AME,AM3,DDR3,4,
MSJ,60GM-E51 (FX),AME,AM3,DDR3,4,66.99
MSJ,90GXM-G65,AME,AM3,DDR3,4,
MSJ,70-G46,AME,AM3,DDR3,4,
MSJ,70A SLI KRAIT EDITION,AME,AM3,DDR3,4,78.45
MSJ,70A-G43,AME,AM3,DDR3,4,
MSJ,70A-G45,AME,AM3,DDR3,4,
MSJ,90FXA GAMING,AME,AM3,DDR3,4,315.99
MSJ,90FXA-GD65 AMD ATX AM3 DDR3,AME,AM3,DDR3,4,
MSJ,90FXA-GD65V2,AME,AM3,DDR3,4,
MSJ,90FXA-GD80,AME,AM3,DDR3,4,68.99
MSJ,90FXA-GD80V2,AME,AM3,DDR3,4,
MSJ,350M Mortar,AME,AM4,DDR4,4,
MSJ,370 Gaming Pro Carbon,AME,AM4,DDR4,4,117.84
MSJ,B350 Gaming Plus,AME,AM4,DDR4,4,81.96
MSJ,350 GAMING PLUS,AME,AM4,DDR4,4,122.14
MSJ,350 TOMAHAWK,AME,AM4,DDR4,4,94.35
MSJ,75A-G55,AME,FM1,DDR3,4,
MSJ,75MA-G55,AME,FM1,DDR3,4,
MSJ,M2-A85XA-G65,AME,FM2,DDR3,4,318.99
MSJ,M2-A55M-E35,AME,FM2,DDR3,4,
MSJ,M2-A85XA-G43,AME,FM2,DDR3,4,
MSJ,S-7778 (2AEO),AME,FM2,DDR3,4,129.96
MSJ,S-7778 (Jasmine),AME,FM2,DDR3,4,240.99
MSJ,88X-G43,AME,FM2,DDR3,4,94.35
MSJ,78M-E45,AME,FM2,DDR3,4,73.98
MSJ,88X-G45,AME,FM2,DDR3,4,240.99
MSJ,88XM Gaming,AME,FM2,DDR3,4,439.97
MSJ,88XM-E45,AME,FM2,DDR3,4,418.2
MSJ,S-7906 (Orchid-S),AME,FM2,DDR3,4,132.99
